time,chl,n_valid,region
2012-01-02 12:00:00,,0,Hotham Inlet
2012-01-08 12:00:00,,0,Hotham Inlet
2012-01-15 12:00:00,,0,Hotham Inlet
2012-01-22 12:00:00,,0,Hotham Inlet
2012-01-29 12:00:00,,0,Hotham Inlet
2012-02-05 12:00:00,,0,Hotham Inlet
2012-02-12 12:00:00,,0,Hotham Inlet
2012-02-19 12:00:00,,0,Hotham Inlet
2012-02-26 12:00:00,,0,Hotham Inlet
2012-03-04 12:00:00,,0,Hotham Inlet
2012-03-11 12:00:00,,0,Hotham Inlet
2012-03-18 12:00:00,,0,Hotham Inlet
2012-03-26 12:00:00,,0,Hotham Inlet
2012-04-01 12:00:00,,0,Hotham Inlet
2012-04-08 12:00:00,,0,Hotham Inlet
2012-04-15 12:00:00,,0,Hotham Inlet
2012-04-22 12:00:00,,0,Hotham Inlet
2012-04-29 12:00:00,,0,Hotham Inlet
2012-05-06 12:00:00,,0,Hotham Inlet
2012-05-13 12:00:00,,0,Hotham Inlet
2012-05-20 12:00:00,,0,Hotham Inlet
2012-05-27 12:00:00,,0,Hotham Inlet
2012-06-03 12:00:00,,0,Hotham Inlet
2012-06-10 12:00:00,,0,Hotham Inlet
2012-06-17 12:00:00,,0,Hotham Inlet
2012-06-24 12:00:00,,0,Hotham Inlet
2012-07-01 12:00:00,3.1875787,24,Hotham Inlet
2012-07-08 12:00:00,27.917686,26,Hotham Inlet
2012-07-15 12:00:00,4.2561207,16,Hotham Inlet
2012-07-22 12:00:00,,0,Hotham Inlet
2012-07-29 12:00:00,20.210861,25,Hotham Inlet
2012-08-05 12:00:00,19.342812,46,Hotham Inlet
2012-08-12 12:00:00,38.41403,41,Hotham Inlet
2012-08-19 12:00:00,,6,Hotham Inlet
2012-08-26 12:00:00,28.670742,35,Hotham Inlet
2012-09-02 12:00:00,26.366955,32,Hotham Inlet
2012-09-09 12:00:00,17.316067,53,Hotham Inlet
2012-09-16 12:00:00,,0,Hotham Inlet
2012-09-23 12:00:00,21.327467,44,Hotham Inlet
2012-09-30 12:00:00,,0,Hotham Inlet
2012-10-07 12:00:00,,0,Hotham Inlet
2012-10-14 12:00:00,,0,Hotham Inlet
2012-10-21 12:00:00,,0,Hotham Inlet
2012-10-28 12:00:00,,0,Hotham Inlet
2012-11-04 12:00:00,,0,Hotham Inlet
2012-11-11 12:00:00,,0,Hotham Inlet
2012-11-18 12:00:00,,0,Hotham Inlet
2012-11-25 12:00:00,,0,Hotham Inlet
2012-12-02 12:00:00,,0,Hotham Inlet
2012-12-09 12:00:00,,0,Hotham Inlet
2012-12-16 12:00:00,,0,Hotham Inlet
2012-12-23 12:00:00,,0,Hotham Inlet
2013-01-01 12:00:00,,0,Hotham Inlet
2013-01-08 12:00:00,,0,Hotham Inlet
2013-01-15 12:00:00,,0,Hotham Inlet
2013-01-22 12:00:00,,0,Hotham Inlet
2013-01-29 12:00:00,,0,Hotham Inlet
2013-02-05 12:00:00,,0,Hotham Inlet
2013-02-12 12:00:00,,0,Hotham Inlet
2013-02-19 12:00:00,,0,Hotham Inlet
2013-02-26 12:00:00,,0,Hotham Inlet
2013-03-05 12:00:00,,0,Hotham Inlet
2013-03-12 12:00:00,,0,Hotham Inlet
2013-03-19 12:00:00,,0,Hotham Inlet
2013-03-26 12:00:00,,0,Hotham Inlet
2013-04-02 12:00:00,,0,Hotham Inlet
2013-04-09 12:00:00,,0,Hotham Inlet
2013-04-16 12:00:00,,0,Hotham Inlet
2013-04-23 12:00:00,,0,Hotham Inlet
2013-04-30 12:00:00,,0,Hotham Inlet
2013-05-07 12:00:00,,0,Hotham Inlet
2013-05-14 12:00:00,,0,Hotham Inlet
2013-05-21 12:00:00,,0,Hotham Inlet
2013-05-28 12:00:00,,0,Hotham Inlet
2013-06-04 12:00:00,,0,Hotham Inlet
2013-06-11 12:00:00,,0,Hotham Inlet
2013-06-18 12:00:00,13.488619,34,Hotham Inlet
2013-06-25 12:00:00,8.57489,38,Hotham Inlet
2013-07-02 12:00:00,16.759315,41,Hotham Inlet
2013-07-09 12:00:00,33.201164,49,Hotham Inlet
2013-07-16 12:00:00,13.579161,26,Hotham Inlet
2013-07-23 12:00:00,20.922968,36,Hotham Inlet
2013-07-30 12:00:00,12.313099,22,Hotham Inlet
2013-08-06 12:00:00,,6,Hotham Inlet
2013-08-13 12:00:00,31.035908,50,Hotham Inlet
2013-08-20 12:00:00,29.32029,50,Hotham Inlet
2013-08-27 12:00:00,23.454527,48,Hotham Inlet
2013-09-03 12:00:00,19.961071,51,Hotham Inlet
2013-09-10 12:00:00,16.444763,44,Hotham Inlet
2013-09-17 12:00:00,20.677353,49,Hotham Inlet
2013-09-24 12:00:00,24.712137,45,Hotham Inlet
2013-10-01 12:00:00,,0,Hotham Inlet
2013-10-08 12:00:00,,0,Hotham Inlet
2013-10-15 12:00:00,,0,Hotham Inlet
2013-10-22 12:00:00,,0,Hotham Inlet
2013-10-29 12:00:00,,0,Hotham Inlet
2013-11-05 12:00:00,,0,Hotham Inlet
2013-11-12 12:00:00,,0,Hotham Inlet
2013-11-19 12:00:00,,0,Hotham Inlet
2013-11-26 12:00:00,,0,Hotham Inlet
2013-12-03 12:00:00,,0,Hotham Inlet
2013-12-10 12:00:00,,0,Hotham Inlet
2013-12-17 12:00:00,,0,Hotham Inlet
2013-12-24 12:00:00,,0,Hotham Inlet
2014-01-01 12:00:00,,0,Hotham Inlet
2014-01-08 12:00:00,,0,Hotham Inlet
2014-01-15 12:00:00,,0,Hotham Inlet
2014-01-22 12:00:00,,0,Hotham Inlet
2014-01-29 12:00:00,,0,Hotham Inlet
2014-02-05 12:00:00,,0,Hotham Inlet
2014-02-12 12:00:00,,0,Hotham Inlet
2014-02-19 12:00:00,,0,Hotham Inlet
2014-02-26 12:00:00,,0,Hotham Inlet
2014-03-05 12:00:00,,0,Hotham Inlet
2014-03-12 12:00:00,,0,Hotham Inlet
2014-03-19 12:00:00,,0,Hotham Inlet
2014-03-26 12:00:00,,0,Hotham Inlet
2014-04-02 12:00:00,,0,Hotham Inlet
2014-04-09 12:00:00,,0,Hotham Inlet
2014-04-16 12:00:00,,0,Hotham Inlet
2014-04-23 12:00:00,,0,Hotham Inlet
2014-04-30 12:00:00,,0,Hotham Inlet
2014-05-07 12:00:00,,0,Hotham Inlet
2014-05-14 12:00:00,,0,Hotham Inlet
2014-05-21 12:00:00,,0,Hotham Inlet
2014-05-28 12:00:00,,0,Hotham Inlet
2014-06-04 12:00:00,,0,Hotham Inlet
2014-06-11 12:00:00,,0,Hotham Inlet
2014-06-18 12:00:00,,0,Hotham Inlet
2014-06-25 12:00:00,,0,Hotham Inlet
2014-07-02 12:00:00,25.212292,45,Hotham Inlet
2014-07-09 12:00:00,13.342727,19,Hotham Inlet
2014-07-16 12:00:00,,0,Hotham Inlet
2014-07-23 12:00:00,,2,Hotham Inlet
2014-07-30 12:00:00,23.193682,54,Hotham Inlet
2014-08-06 12:00:00,26.522465,52,Hotham Inlet
2014-08-13 12:00:00,20.795935,34,Hotham Inlet
2014-08-20 12:00:00,24.831684,41,Hotham Inlet
2014-08-27 12:00:00,20.198395,44,Hotham Inlet
2014-09-03 12:00:00,22.276424,54,Hotham Inlet
2014-09-10 12:00:00,14.811714,42,Hotham Inlet
2014-09-17 12:00:00,18.46802,52,Hotham Inlet
2014-09-24 12:00:00,10.3213005,32,Hotham Inlet
2014-10-01 12:00:00,,0,Hotham Inlet
2014-10-08 12:00:00,,0,Hotham Inlet
2014-10-15 12:00:00,,0,Hotham Inlet
2014-10-22 12:00:00,,0,Hotham Inlet
2014-10-29 12:00:00,,0,Hotham Inlet
2014-11-05 12:00:00,,0,Hotham Inlet
2014-11-12 12:00:00,,0,Hotham Inlet
2014-11-19 12:00:00,,0,Hotham Inlet
2014-11-26 12:00:00,,0,Hotham Inlet
2014-12-03 12:00:00,,0,Hotham Inlet
2014-12-10 12:00:00,,0,Hotham Inlet
2014-12-17 12:00:00,,0,Hotham Inlet
2014-12-24 12:00:00,,0,Hotham Inlet
2015-01-01 12:00:00,,0,Hotham Inlet
2015-01-08 12:00:00,,0,Hotham Inlet
2015-01-15 12:00:00,,0,Hotham Inlet
2015-01-22 12:00:00,,0,Hotham Inlet
2015-01-29 12:00:00,,0,Hotham Inlet
2015-02-05 12:00:00,,0,Hotham Inlet
2015-02-12 12:00:00,,0,Hotham Inlet
2015-02-19 12:00:00,,0,Hotham Inlet
2015-02-26 12:00:00,,0,Hotham Inlet
2015-03-05 12:00:00,,0,Hotham Inlet
2015-03-12 12:00:00,,0,Hotham Inlet
2015-03-19 12:00:00,,0,Hotham Inlet
2015-03-26 12:00:00,,0,Hotham Inlet
2015-04-02 12:00:00,,0,Hotham Inlet
2015-04-09 12:00:00,,0,Hotham Inlet
2015-04-16 12:00:00,,0,Hotham Inlet
2015-04-23 12:00:00,,0,Hotham Inlet
2015-04-30 12:00:00,,0,Hotham Inlet
2015-05-07 12:00:00,,0,Hotham Inlet
2015-05-14 12:00:00,,0,Hotham Inlet
2015-05-21 12:00:00,,0,Hotham Inlet
2015-05-28 12:00:00,,0,Hotham Inlet
2015-06-04 12:00:00,,0,Hotham Inlet
2015-06-11 12:00:00,,7,Hotham Inlet
2015-06-18 12:00:00,25.69312,43,Hotham Inlet
2015-06-25 12:00:00,,3,Hotham Inlet
2015-07-02 12:00:00,,0,Hotham Inlet
2015-07-09 12:00:00,24.67002,30,Hotham Inlet
2015-07-16 12:00:00,27.107948,38,Hotham Inlet
2015-07-23 12:00:00,35.693466,48,Hotham Inlet
2015-07-30 12:00:00,30.055168,47,Hotham Inlet
2015-08-06 12:00:00,34.658886,45,Hotham Inlet
2015-08-13 12:00:00,17.330439,24,Hotham Inlet
2015-08-20 12:00:00,15.516676,33,Hotham Inlet
2015-08-27 12:00:00,19.01667,51,Hotham Inlet
2015-09-03 12:00:00,15.088517,47,Hotham Inlet
2015-09-10 12:00:00,19.0708,50,Hotham Inlet
2015-09-17 12:00:00,21.003658,47,Hotham Inlet
2015-09-24 12:00:00,4.5416975,45,Hotham Inlet
2015-10-01 12:00:00,,0,Hotham Inlet
2015-10-08 12:00:00,,0,Hotham Inlet
2015-10-15 12:00:00,,0,Hotham Inlet
2015-10-22 12:00:00,,0,Hotham Inlet
2015-10-29 12:00:00,,0,Hotham Inlet
2015-11-05 12:00:00,,0,Hotham Inlet
2015-11-12 12:00:00,,0,Hotham Inlet
2015-11-19 12:00:00,,0,Hotham Inlet
2015-11-26 12:00:00,,0,Hotham Inlet
2015-12-03 12:00:00,,0,Hotham Inlet
2015-12-10 12:00:00,,0,Hotham Inlet
2015-12-17 12:00:00,,0,Hotham Inlet
2015-12-24 12:00:00,,0,Hotham Inlet
2016-01-01 12:00:00,,0,Hotham Inlet
2016-01-08 12:00:00,,0,Hotham Inlet
2016-01-15 12:00:00,,0,Hotham Inlet
2016-01-22 12:00:00,,0,Hotham Inlet
2016-01-29 12:00:00,,0,Hotham Inlet
2016-02-05 12:00:00,,0,Hotham Inlet
2016-02-12 12:00:00,,0,Hotham Inlet
2016-02-19 12:00:00,,0,Hotham Inlet
2016-02-26 12:00:00,,0,Hotham Inlet
2016-03-04 12:00:00,,0,Hotham Inlet
2016-03-11 12:00:00,,0,Hotham Inlet
2016-03-18 12:00:00,,0,Hotham Inlet
2016-03-25 12:00:00,,0,Hotham Inlet
2016-04-01 12:00:00,,0,Hotham Inlet
2016-04-08 12:00:00,,0,Hotham Inlet
2016-04-15 12:00:00,,0,Hotham Inlet
2016-04-22 12:00:00,,0,Hotham Inlet
2016-04-29 12:00:00,,0,Hotham Inlet
2016-05-06 12:00:00,,0,Hotham Inlet
2016-05-13 12:00:00,,0,Hotham Inlet
2016-05-20 12:00:00,,0,Hotham Inlet
2016-05-27 12:00:00,,0,Hotham Inlet
2016-06-03 12:00:00,,0,Hotham Inlet
2016-06-10 12:00:00,,0,Hotham Inlet
2016-06-17 12:00:00,,0,Hotham Inlet
2016-06-24 12:00:00,,0,Hotham Inlet
2016-07-01 12:00:00,21.990683,40,Hotham Inlet
2016-07-08 12:00:00,29.090841,39,Hotham Inlet
2016-07-15 12:00:00,,4,Hotham Inlet
2016-07-22 12:00:00,31.390232,36,Hotham Inlet
2016-07-29 12:00:00,30.393293,50,Hotham Inlet
2016-08-05 12:00:00,20.089005,36,Hotham Inlet
2016-08-12 12:00:00,31.86687,52,Hotham Inlet
2016-08-19 12:00:00,22.73421,36,Hotham Inlet
2016-08-26 12:00:00,30.25996,52,Hotham Inlet
2016-09-02 12:00:00,31.306755,53,Hotham Inlet
2016-09-09 12:00:00,27.857738,46,Hotham Inlet
2016-09-16 12:00:00,15.725291,47,Hotham Inlet
2016-09-23 12:00:00,17.019758,45,Hotham Inlet
2016-09-30 12:00:00,,0,Hotham Inlet
2016-10-07 12:00:00,,0,Hotham Inlet
2016-10-14 12:00:00,,0,Hotham Inlet
2016-10-21 12:00:00,,0,Hotham Inlet
2016-10-28 12:00:00,,0,Hotham Inlet
2016-11-04 12:00:00,,0,Hotham Inlet
2016-11-11 12:00:00,,0,Hotham Inlet
2016-11-18 12:00:00,,0,Hotham Inlet
2016-11-25 12:00:00,,0,Hotham Inlet
2016-12-02 12:00:00,,0,Hotham Inlet
2016-12-09 12:00:00,,0,Hotham Inlet
2016-12-16 12:00:00,,0,Hotham Inlet
2016-12-23 12:00:00,,0,Hotham Inlet
2017-01-01 12:00:00,,0,Hotham Inlet
2017-01-08 12:00:00,,0,Hotham Inlet
2017-01-15 12:00:00,,0,Hotham Inlet
2017-01-22 12:00:00,,0,Hotham Inlet
2017-01-29 12:00:00,,0,Hotham Inlet
2017-02-05 12:00:00,,0,Hotham Inlet
2017-02-12 12:00:00,,0,Hotham Inlet
2017-02-19 12:00:00,,0,Hotham Inlet
2017-02-26 12:00:00,,0,Hotham Inlet
2017-03-05 12:00:00,,0,Hotham Inlet
2017-03-12 12:00:00,,0,Hotham Inlet
2017-03-19 12:00:00,,0,Hotham Inlet
2017-03-26 12:00:00,,0,Hotham Inlet
2017-04-02 12:00:00,,0,Hotham Inlet
2017-04-09 12:00:00,,0,Hotham Inlet
2017-04-16 12:00:00,,0,Hotham Inlet
2017-04-23 12:00:00,,0,Hotham Inlet
2017-04-30 12:00:00,,0,Hotham Inlet
2017-05-07 12:00:00,,0,Hotham Inlet
2017-05-14 12:00:00,,0,Hotham Inlet
2017-05-21 12:00:00,,0,Hotham Inlet
2017-05-28 12:00:00,,0,Hotham Inlet
2017-06-04 12:00:00,,0,Hotham Inlet
2017-06-11 12:00:00,,0,Hotham Inlet
2017-06-18 12:00:00,,0,Hotham Inlet
2017-06-25 12:00:00,21.341557,40,Hotham Inlet
2017-07-02 12:00:00,27.201872,47,Hotham Inlet
2017-07-09 12:00:00,21.840237,42,Hotham Inlet
2017-07-16 12:00:00,18.74488,38,Hotham Inlet
2017-07-23 12:00:00,19.010735,37,Hotham Inlet
2017-07-30 12:00:00,21.885118,45,Hotham Inlet
2017-08-06 12:00:00,12.298243,36,Hotham Inlet
2017-08-13 12:00:00,10.492233,32,Hotham Inlet
2017-08-20 12:00:00,28.789925,54,Hotham Inlet
2017-08-27 12:00:00,24.960663,52,Hotham Inlet
2017-09-03 12:00:00,18.439629,51,Hotham Inlet
2017-09-10 12:00:00,14.993312,21,Hotham Inlet
2017-09-17 12:00:00,21.59776,36,Hotham Inlet
2017-09-24 12:00:00,20.77938,52,Hotham Inlet
2017-10-01 12:00:00,,0,Hotham Inlet
2017-10-08 12:00:00,,0,Hotham Inlet
2017-10-15 12:00:00,,0,Hotham Inlet
2017-10-22 12:00:00,,0,Hotham Inlet
2017-10-29 12:00:00,,0,Hotham Inlet
2017-11-05 12:00:00,,0,Hotham Inlet
2017-11-12 12:00:00,,0,Hotham Inlet
2017-11-19 12:00:00,,0,Hotham Inlet
2017-11-26 12:00:00,,0,Hotham Inlet
2017-12-03 12:00:00,,0,Hotham Inlet
2017-12-10 12:00:00,,0,Hotham Inlet
2017-12-17 12:00:00,,0,Hotham Inlet
2017-12-24 12:00:00,,0,Hotham Inlet
2018-01-01 12:00:00,,0,Hotham Inlet
2018-01-08 12:00:00,,0,Hotham Inlet
2018-01-15 12:00:00,,0,Hotham Inlet
2018-01-22 12:00:00,,0,Hotham Inlet
2018-01-29 12:00:00,,0,Hotham Inlet
2018-02-05 12:00:00,,0,Hotham Inlet
2018-02-12 12:00:00,,0,Hotham Inlet
2018-02-19 12:00:00,,0,Hotham Inlet
2018-02-26 12:00:00,,0,Hotham Inlet
2018-03-05 12:00:00,,0,Hotham Inlet
2018-03-12 12:00:00,,0,Hotham Inlet
2018-03-19 12:00:00,,0,Hotham Inlet
2018-03-26 12:00:00,,0,Hotham Inlet
2018-04-02 12:00:00,,0,Hotham Inlet
2018-04-09 12:00:00,,0,Hotham Inlet
2018-04-16 12:00:00,,0,Hotham Inlet
2018-04-23 12:00:00,,0,Hotham Inlet
2018-04-30 12:00:00,,0,Hotham Inlet
2018-05-07 12:00:00,,0,Hotham Inlet
2018-05-14 12:00:00,,0,Hotham Inlet
2018-05-21 12:00:00,,0,Hotham Inlet
2018-05-28 12:00:00,,0,Hotham Inlet
2018-06-04 12:00:00,,0,Hotham Inlet
2018-06-11 12:00:00,,7,Hotham Inlet
2018-06-18 12:00:00,1.9542292,11,Hotham Inlet
2018-06-25 12:00:00,19.537783,43,Hotham Inlet
2018-07-02 12:00:00,18.618114,35,Hotham Inlet
2018-07-09 12:00:00,,4,Hotham Inlet
2018-07-16 12:00:00,,7,Hotham Inlet
2018-07-23 12:00:00,22.294685,36,Hotham Inlet
2018-07-30 12:00:00,13.367978,38,Hotham Inlet
2018-08-06 12:00:00,18.272738,39,Hotham Inlet
2018-08-13 12:00:00,31.069172,37,Hotham Inlet
2018-08-20 12:00:00,20.297771,36,Hotham Inlet
2018-08-27 12:00:00,13.897329,42,Hotham Inlet
2018-09-03 12:00:00,19.787556,50,Hotham Inlet
2018-09-10 12:00:00,24.878422,39,Hotham Inlet
2018-09-17 12:00:00,7.68311,51,Hotham Inlet
2018-09-24 12:00:00,28.548836,29,Hotham Inlet
2018-10-01 12:00:00,,0,Hotham Inlet
2018-10-08 12:00:00,,0,Hotham Inlet
2018-10-15 12:00:00,,0,Hotham Inlet
2018-10-22 12:00:00,,0,Hotham Inlet
2018-10-29 12:00:00,,0,Hotham Inlet
2018-11-05 12:00:00,,0,Hotham Inlet
2018-11-12 12:00:00,,0,Hotham Inlet
2018-11-19 12:00:00,,0,Hotham Inlet
2018-11-26 12:00:00,,0,Hotham Inlet
2018-12-03 12:00:00,,0,Hotham Inlet
2018-12-10 12:00:00,,0,Hotham Inlet
2018-12-17 12:00:00,,0,Hotham Inlet
2018-12-24 12:00:00,,0,Hotham Inlet
2019-01-01 12:00:00,,0,Hotham Inlet
2019-01-08 12:00:00,,0,Hotham Inlet
2019-01-15 12:00:00,,0,Hotham Inlet
2019-01-22 12:00:00,,0,Hotham Inlet
2019-01-29 12:00:00,,0,Hotham Inlet
2019-02-05 12:00:00,,0,Hotham Inlet
2019-02-12 12:00:00,,0,Hotham Inlet
2019-02-19 12:00:00,,0,Hotham Inlet
2019-02-26 12:00:00,,0,Hotham Inlet
2019-03-05 12:00:00,,0,Hotham Inlet
2019-03-12 12:00:00,,0,Hotham Inlet
2019-03-19 12:00:00,,0,Hotham Inlet
2019-03-26 12:00:00,,0,Hotham Inlet
2019-04-02 12:00:00,,0,Hotham Inlet
2019-04-09 12:00:00,,0,Hotham Inlet
2019-04-16 12:00:00,,0,Hotham Inlet
2019-04-23 12:00:00,,0,Hotham Inlet
2019-04-30 12:00:00,,0,Hotham Inlet
2019-05-07 12:00:00,,0,Hotham Inlet
2019-05-14 12:00:00,,0,Hotham Inlet
2019-05-21 12:00:00,,0,Hotham Inlet
2019-05-28 12:00:00,42.93748,45,Hotham Inlet
2019-06-04 12:00:00,,0,Hotham Inlet
2019-06-11 12:00:00,49.29917,45,Hotham Inlet
2019-06-18 12:00:00,26.87015,25,Hotham Inlet
2019-06-25 12:00:00,60.528183,36,Hotham Inlet
2019-07-02 12:00:00,,0,Hotham Inlet
2019-07-09 12:00:00,49.574577,28,Hotham Inlet
2019-07-16 12:00:00,49.252125,28,Hotham Inlet
2019-07-23 12:00:00,,0,Hotham Inlet
2019-07-30 12:00:00,52.363155,41,Hotham Inlet
2019-08-06 12:00:00,59.713303,32,Hotham Inlet
2019-08-13 12:00:00,36.149338,41,Hotham Inlet
2019-08-20 12:00:00,38.183773,43,Hotham Inlet
2019-08-27 12:00:00,20.39425,26,Hotham Inlet
2019-09-03 12:00:00,,0,Hotham Inlet
2019-09-10 12:00:00,21.17665,49,Hotham Inlet
2019-09-17 12:00:00,26.52621,47,Hotham Inlet
2019-09-24 12:00:00,18.602947,36,Hotham Inlet
2019-10-01 12:00:00,,0,Hotham Inlet
2019-10-08 12:00:00,,0,Hotham Inlet
2019-10-15 12:00:00,,0,Hotham Inlet
2019-10-22 12:00:00,,0,Hotham Inlet
2019-10-29 12:00:00,,0,Hotham Inlet
2019-11-05 12:00:00,,0,Hotham Inlet
2019-11-12 12:00:00,,0,Hotham Inlet
2019-11-19 12:00:00,,0,Hotham Inlet
2019-11-26 12:00:00,,0,Hotham Inlet
2019-12-03 12:00:00,,0,Hotham Inlet
2019-12-10 12:00:00,,0,Hotham Inlet
2019-12-17 12:00:00,,0,Hotham Inlet
2019-12-24 12:00:00,,0,Hotham Inlet
2020-01-01 12:00:00,,0,Hotham Inlet
2020-01-08 12:00:00,,0,Hotham Inlet
2020-01-15 12:00:00,,0,Hotham Inlet
2020-01-22 12:00:00,,0,Hotham Inlet
2020-01-29 12:00:00,,0,Hotham Inlet
2020-02-05 12:00:00,,0,Hotham Inlet
2020-02-12 12:00:00,,0,Hotham Inlet
2020-02-19 12:00:00,,0,Hotham Inlet
2020-02-26 12:00:00,,0,Hotham Inlet
2020-03-04 12:00:00,,0,Hotham Inlet
2020-03-11 12:00:00,,0,Hotham Inlet
2020-03-18 12:00:00,,0,Hotham Inlet
2020-03-25 12:00:00,,0,Hotham Inlet
2020-04-01 12:00:00,,0,Hotham Inlet
2020-04-08 12:00:00,,0,Hotham Inlet
2020-04-15 12:00:00,,0,Hotham Inlet
2020-04-22 12:00:00,,0,Hotham Inlet
2020-04-29 12:00:00,,0,Hotham Inlet
2020-05-06 12:00:00,,0,Hotham Inlet
2020-05-13 12:00:00,,0,Hotham Inlet
2020-05-20 12:00:00,,0,Hotham Inlet
2020-05-27 12:00:00,4.674095,26,Hotham Inlet
2020-06-03 12:00:00,,0,Hotham Inlet
2020-06-10 12:00:00,,0,Hotham Inlet
2020-06-17 12:00:00,20.21553,41,Hotham Inlet
2020-06-24 12:00:00,16.677057,41,Hotham Inlet
2020-07-01 12:00:00,21.273811,45,Hotham Inlet
2020-07-08 12:00:00,,0,Hotham Inlet
2020-07-15 12:00:00,,1,Hotham Inlet
2020-07-22 12:00:00,,0,Hotham Inlet
2020-07-29 12:00:00,22.46138,45,Hotham Inlet
2020-08-05 12:00:00,15.828123,42,Hotham Inlet
2020-08-12 12:00:00,14.964081,47,Hotham Inlet
2020-08-19 12:00:00,16.528988,52,Hotham Inlet
2020-08-26 12:00:00,16.744614,42,Hotham Inlet
2020-09-02 12:00:00,5.7877564,31,Hotham Inlet
2020-09-09 12:00:00,,3,Hotham Inlet
2020-09-16 12:00:00,13.159658,39,Hotham Inlet
2020-09-23 12:00:00,13.5131035,56,Hotham Inlet
2020-09-30 12:00:00,,0,Hotham Inlet
2020-10-07 12:00:00,,0,Hotham Inlet
2020-10-14 12:00:00,,0,Hotham Inlet
2020-10-21 12:00:00,,0,Hotham Inlet
2020-10-28 12:00:00,,0,Hotham Inlet
2020-11-04 12:00:00,,0,Hotham Inlet
2020-11-11 12:00:00,,0,Hotham Inlet
2020-11-18 12:00:00,,0,Hotham Inlet
2020-11-25 12:00:00,,0,Hotham Inlet
2020-12-02 12:00:00,,0,Hotham Inlet
2020-12-09 12:00:00,,0,Hotham Inlet
2020-12-16 12:00:00,,0,Hotham Inlet
2020-12-23 12:00:00,,0,Hotham Inlet
2021-01-01 12:00:00,,0,Hotham Inlet
2021-01-08 12:00:00,,0,Hotham Inlet
2021-01-15 12:00:00,,0,Hotham Inlet
2021-01-22 12:00:00,,0,Hotham Inlet
2021-01-29 12:00:00,,0,Hotham Inlet
2021-02-05 12:00:00,,0,Hotham Inlet
2021-02-12 12:00:00,,0,Hotham Inlet
2021-02-19 12:00:00,,0,Hotham Inlet
2021-02-26 12:00:00,,0,Hotham Inlet
2021-03-05 12:00:00,,0,Hotham Inlet
2021-03-12 12:00:00,,0,Hotham Inlet
2021-03-19 12:00:00,,0,Hotham Inlet
2021-03-26 12:00:00,,0,Hotham Inlet
2021-04-02 12:00:00,,0,Hotham Inlet
2021-04-09 12:00:00,,0,Hotham Inlet
2021-04-16 12:00:00,,0,Hotham Inlet
2021-04-23 12:00:00,,0,Hotham Inlet
2021-04-30 12:00:00,,0,Hotham Inlet
2021-05-07 12:00:00,,0,Hotham Inlet
2021-05-14 12:00:00,,0,Hotham Inlet
2021-05-21 12:00:00,6.0314455,14,Hotham Inlet
2021-05-28 12:00:00,6.5436225,40,Hotham Inlet
2021-06-04 12:00:00,6.400414,35,Hotham Inlet
2021-06-11 12:00:00,11.350817,50,Hotham Inlet
2021-06-18 12:00:00,9.413116,38,Hotham Inlet
2021-06-25 12:00:00,6.8409715,26,Hotham Inlet
2021-07-02 12:00:00,21.314716,11,Hotham Inlet
2021-07-09 12:00:00,9.563781,51,Hotham Inlet
2021-07-16 12:00:00,10.121983,41,Hotham Inlet
2021-07-23 12:00:00,27.178215,17,Hotham Inlet
2021-07-30 12:00:00,11.435425,61,Hotham Inlet
2021-08-06 12:00:00,8.331888,48,Hotham Inlet
2021-08-13 12:00:00,10.401084,48,Hotham Inlet
2021-08-20 12:00:00,11.776923,43,Hotham Inlet
2021-08-27 12:00:00,12.793742,25,Hotham Inlet
2021-09-03 12:00:00,9.44846,47,Hotham Inlet
2021-09-10 12:00:00,8.1781845,26,Hotham Inlet
2021-09-17 12:00:00,12.729907,58,Hotham Inlet
2021-09-24 12:00:00,6.643565,50,Hotham Inlet
2021-10-01 12:00:00,,0,Hotham Inlet
2021-10-08 12:00:00,,0,Hotham Inlet
2021-10-15 12:00:00,,0,Hotham Inlet
2021-10-22 12:00:00,,0,Hotham Inlet
2021-10-29 12:00:00,,0,Hotham Inlet
2021-11-05 12:00:00,,0,Hotham Inlet
2021-11-12 12:00:00,,0,Hotham Inlet
2021-11-19 12:00:00,,0,Hotham Inlet
2021-11-26 12:00:00,,0,Hotham Inlet
2021-12-03 12:00:00,,0,Hotham Inlet
2021-12-10 12:00:00,,0,Hotham Inlet
2021-12-17 12:00:00,,0,Hotham Inlet
2021-12-24 12:00:00,,0,Hotham Inlet
2022-01-03 12:00:00,,0,Hotham Inlet
2022-01-08 12:00:00,,0,Hotham Inlet
2022-01-15 12:00:00,,0,Hotham Inlet
2022-01-22 12:00:00,,0,Hotham Inlet
2022-01-29 12:00:00,,0,Hotham Inlet
2022-02-05 12:00:00,,0,Hotham Inlet
2022-02-12 12:00:00,,0,Hotham Inlet
2022-02-19 12:00:00,,0,Hotham Inlet
2022-02-26 12:00:00,,0,Hotham Inlet
2022-03-05 12:00:00,,0,Hotham Inlet
2022-03-12 12:00:00,,0,Hotham Inlet
2022-03-19 12:00:00,,0,Hotham Inlet
2022-03-26 12:00:00,,0,Hotham Inlet
2022-04-02 12:00:00,,0,Hotham Inlet
2022-04-09 12:00:00,,0,Hotham Inlet
2022-04-16 12:00:00,,0,Hotham Inlet
2022-04-23 12:00:00,,0,Hotham Inlet
2022-04-30 12:00:00,,0,Hotham Inlet
2022-05-07 12:00:00,,0,Hotham Inlet
2022-05-14 12:00:00,,0,Hotham Inlet
2022-05-21 12:00:00,,0,Hotham Inlet
2022-05-28 12:00:00,3.9742608,26,Hotham Inlet
2022-06-04 12:00:00,5.2116256,71,Hotham Inlet
2022-06-11 12:00:00,4.462273,48,Hotham Inlet
2022-06-18 12:00:00,6.6790276,54,Hotham Inlet
2022-06-25 12:00:00,9.652671,25,Hotham Inlet
2022-07-02 12:00:00,9.470148,12,Hotham Inlet
2022-07-09 12:00:00,17.828722,28,Hotham Inlet
2022-07-16 12:00:00,15.492867,27,Hotham Inlet
2022-07-23 12:00:00,,0,Hotham Inlet
2022-08-10 12:00:00,,0,Hotham Inlet
2022-08-13 12:00:00,12.73562,17,Hotham Inlet
2022-08-20 12:00:00,6.648285,26,Hotham Inlet
2022-08-27 12:00:00,7.810606,23,Hotham Inlet
2022-09-03 12:00:00,7.9765425,29,Hotham Inlet
2022-09-10 12:00:00,3.5921917,23,Hotham Inlet
2022-09-17 12:00:00,,3,Hotham Inlet
2022-09-24 12:00:00,28.866745,23,Hotham Inlet
2022-10-01 12:00:00,,0,Hotham Inlet
2022-10-08 12:00:00,,0,Hotham Inlet
2022-10-15 12:00:00,,0,Hotham Inlet
2022-10-22 12:00:00,,0,Hotham Inlet
2022-10-29 12:00:00,,0,Hotham Inlet
2022-11-05 12:00:00,,0,Hotham Inlet
2022-11-12 12:00:00,,0,Hotham Inlet
2022-11-19 12:00:00,,0,Hotham Inlet
2022-11-26 12:00:00,,0,Hotham Inlet
2022-12-03 12:00:00,,0,Hotham Inlet
2022-12-10 12:00:00,,0,Hotham Inlet
2022-12-17 12:00:00,,0,Hotham Inlet
2022-12-24 12:00:00,,0,Hotham Inlet
2023-01-01 12:00:00,,0,Hotham Inlet
2023-01-08 12:00:00,,0,Hotham Inlet
2023-01-15 12:00:00,,0,Hotham Inlet
2023-01-22 12:00:00,,0,Hotham Inlet
2023-01-29 12:00:00,,0,Hotham Inlet
2023-02-05 12:00:00,,0,Hotham Inlet
2023-02-12 12:00:00,,0,Hotham Inlet
2023-02-19 12:00:00,,0,Hotham Inlet
2023-02-26 12:00:00,,0,Hotham Inlet
2023-03-05 12:00:00,,0,Hotham Inlet
2023-03-12 12:00:00,,0,Hotham Inlet
2023-03-19 12:00:00,,0,Hotham Inlet
2023-03-26 12:00:00,,0,Hotham Inlet
2023-04-02 12:00:00,,0,Hotham Inlet
2023-04-09 12:00:00,,0,Hotham Inlet
2023-04-16 12:00:00,,0,Hotham Inlet
2023-04-23 12:00:00,,0,Hotham Inlet
2023-04-30 12:00:00,,0,Hotham Inlet
2023-05-07 12:00:00,,0,Hotham Inlet
2023-05-14 12:00:00,,0,Hotham Inlet
2023-05-21 12:00:00,,4,Hotham Inlet
2023-05-28 12:00:00,,1,Hotham Inlet
2023-06-04 12:00:00,2.637897,26,Hotham Inlet
2023-06-11 12:00:00,8.110392,42,Hotham Inlet
2023-06-18 12:00:00,4.059462,15,Hotham Inlet
2023-06-25 12:00:00,15.155345,34,Hotham Inlet
2023-07-09 12:00:00,6.1311383,15,Hotham Inlet
2023-07-16 12:00:00,9.788057,32,Hotham Inlet
2023-07-23 12:00:00,6.174093,27,Hotham Inlet
2023-07-30 12:00:00,3.0459094,17,Hotham Inlet
2023-08-01 12:00:00,4.876631,26,Hotham Inlet
2023-08-06 12:00:00,4.741371,16,Hotham Inlet
2023-08-13 12:00:00,4.654957,19,Hotham Inlet
2023-08-27 12:00:00,4.437718,24,Hotham Inlet
2023-09-03 12:00:00,7.0628004,27,Hotham Inlet
2023-10-22 12:00:00,,0,Hotham Inlet
2023-10-29 12:00:00,,0,Hotham Inlet
2023-11-05 12:00:00,,0,Hotham Inlet
2023-11-12 12:00:00,,0,Hotham Inlet
2023-11-19 12:00:00,,0,Hotham Inlet
2023-11-26 12:00:00,,0,Hotham Inlet
2023-12-03 12:00:00,,0,Hotham Inlet
2023-12-10 12:00:00,,0,Hotham Inlet
2023-12-17 12:00:00,,0,Hotham Inlet
2023-12-24 12:00:00,,0,Hotham Inlet
2024-01-01 12:00:00,,0,Hotham Inlet
2024-01-08 12:00:00,,0,Hotham Inlet
2024-01-15 12:00:00,,0,Hotham Inlet
2024-01-22 12:00:00,,0,Hotham Inlet
2024-01-29 12:00:00,,0,Hotham Inlet
2024-02-05 12:00:00,,0,Hotham Inlet
2024-02-12 12:00:00,,0,Hotham Inlet
2024-02-19 12:00:00,,0,Hotham Inlet
2024-02-26 12:00:00,,0,Hotham Inlet
2024-03-04 12:00:00,,0,Hotham Inlet
2024-03-11 12:00:00,,0,Hotham Inlet
2024-03-18 12:00:00,,0,Hotham Inlet
2024-03-25 12:00:00,,0,Hotham Inlet
2024-04-01 12:00:00,,0,Hotham Inlet
2024-04-08 12:00:00,,0,Hotham Inlet
2024-04-15 12:00:00,,0,Hotham Inlet
2024-04-22 12:00:00,,0,Hotham Inlet
2024-04-29 12:00:00,,0,Hotham Inlet
2024-05-06 12:00:00,,0,Hotham Inlet
2024-05-13 12:00:00,,0,Hotham Inlet
2024-05-20 12:00:00,,0,Hotham Inlet
2024-05-27 12:00:00,7.1833444,8,Hotham Inlet
2024-06-03 12:00:00,6.7204604,43,Hotham Inlet
2024-06-10 12:00:00,9.810856,56,Hotham Inlet
2024-06-17 12:00:00,15.879371,55,Hotham Inlet
2024-06-24 12:00:00,16.145853,54,Hotham Inlet
2024-07-01 12:00:00,10.288289,49,Hotham Inlet
2024-07-08 12:00:00,23.613665,35,Hotham Inlet
2024-07-15 12:00:00,9.942042,51,Hotham Inlet
2024-07-22 12:00:00,13.551788,49,Hotham Inlet
2024-07-29 12:00:00,21.410812,50,Hotham Inlet
2024-08-05 12:00:00,10.015526,40,Hotham Inlet
2024-08-12 12:00:00,,6,Hotham Inlet
2024-08-19 12:00:00,11.706255,26,Hotham Inlet
2024-08-26 12:00:00,12.925455,62,Hotham Inlet
2024-09-02 12:00:00,12.006329,37,Hotham Inlet
2024-09-09 12:00:00,7.440982,35,Hotham Inlet
2024-09-16 12:00:00,16.679008,61,Hotham Inlet
2024-09-23 12:00:00,21.23162,60,Hotham Inlet
2024-09-30 12:00:00,,0,Hotham Inlet
2024-10-07 12:00:00,,0,Hotham Inlet
2024-10-14 12:00:00,,0,Hotham Inlet
2024-10-21 12:00:00,,0,Hotham Inlet
2024-10-30 12:00:00,,0,Hotham Inlet
2024-11-04 12:00:00,,0,Hotham Inlet
2024-11-11 12:00:00,,0,Hotham Inlet
2024-11-18 12:00:00,,0,Hotham Inlet
2024-11-25 12:00:00,,0,Hotham Inlet
2024-12-02 12:00:00,,0,Hotham Inlet
2024-12-09 12:00:00,,0,Hotham Inlet
2024-12-19 12:00:00,,0,Hotham Inlet
2024-12-23 12:00:00,,0,Hotham Inlet
2024-12-30 12:00:00,,0,Hotham Inlet
2025-01-01 12:00:00,,0,Hotham Inlet
2025-01-08 12:00:00,,0,Hotham Inlet
2025-01-15 12:00:00,,0,Hotham Inlet
2025-01-22 12:00:00,,0,Hotham Inlet
2025-01-29 12:00:00,,0,Hotham Inlet
2025-02-05 12:00:00,,0,Hotham Inlet
2025-02-12 12:00:00,,0,Hotham Inlet
2025-02-19 12:00:00,,0,Hotham Inlet
2025-02-26 12:00:00,,0,Hotham Inlet
2025-03-05 12:00:00,,0,Hotham Inlet
2025-03-12 12:00:00,,0,Hotham Inlet
2025-03-19 12:00:00,,0,Hotham Inlet
2025-03-26 12:00:00,,0,Hotham Inlet
2025-04-02 12:00:00,,0,Hotham Inlet
2025-04-09 12:00:00,,0,Hotham Inlet
2025-04-16 12:00:00,,0,Hotham Inlet
2025-04-23 12:00:00,,0,Hotham Inlet
2025-04-30 12:00:00,,0,Hotham Inlet
2025-05-07 12:00:00,,0,Hotham Inlet
2025-05-14 12:00:00,,0,Hotham Inlet
2025-06-25 12:00:00,22.131983,116,Hotham Inlet
2025-07-02 12:00:00,21.980751,132,Hotham Inlet
2025-07-09 12:00:00,26.942644,127,Hotham Inlet
2025-07-16 12:00:00,,3,Hotham Inlet
2025-07-23 12:00:00,23.948858,118,Hotham Inlet
2025-07-30 12:00:00,37.310966,122,Hotham Inlet
2025-08-06 12:00:00,12.869513,54,Hotham Inlet
2025-08-13 12:00:00,23.146755,130,Hotham Inlet
2025-08-20 12:00:00,15.295044,120,Hotham Inlet
2025-08-27 12:00:00,11.346886,11,Hotham Inlet
2025-09-03 12:00:00,10.260704,137,Hotham Inlet
2025-09-10 12:00:00,10.908988,149,Hotham Inlet
2025-09-17 12:00:00,15.484881,134,Hotham Inlet
2025-09-24 12:00:00,22.866997,110,Hotham Inlet
2025-10-01 12:00:00,,0,Hotham Inlet
2025-10-08 12:00:00,,0,Hotham Inlet
2025-10-15 12:00:00,,0,Hotham Inlet
2025-10-22 12:00:00,,0,Hotham Inlet
2025-10-29 12:00:00,,0,Hotham Inlet
2025-11-05 12:00:00,,0,Hotham Inlet
2025-11-12 12:00:00,,0,Hotham Inlet
2025-11-19 12:00:00,,0,Hotham Inlet
2025-11-26 12:00:00,,0,Hotham Inlet
2025-12-03 12:00:00,,0,Hotham Inlet
2025-12-10 12:00:00,,0,Hotham Inlet
2025-12-17 12:00:00,,0,Hotham Inlet
2025-12-24 12:00:00,,0,Hotham Inlet
2025-12-31 12:00:00,,0,Hotham Inlet
2026-01-01 12:00:00,,0,Hotham Inlet
2026-01-08 12:00:00,,0,Hotham Inlet
2026-01-15 12:00:00,,0,Hotham Inlet
2026-01-29 12:00:00,,0,Hotham Inlet
2026-02-05 12:00:00,,0,Hotham Inlet
2026-02-12 12:00:00,,0,Hotham Inlet
2026-02-19 12:00:00,,0,Hotham Inlet
2026-02-26 12:00:00,,0,Hotham Inlet
2026-03-05 12:00:00,,0,Hotham Inlet
2026-03-12 12:00:00,,0,Hotham Inlet
2026-03-19 12:00:00,,0,Hotham Inlet
2026-03-26 12:00:00,,0,Hotham Inlet
2026-04-02 12:00:00,,0,Hotham Inlet
2026-04-10 12:00:00,,0,Hotham Inlet
2026-04-16 12:00:00,,0,Hotham Inlet
2026-04-23 12:00:00,,0,Hotham Inlet
2026-04-30 12:00:00,,0,Hotham Inlet
2026-05-07 12:00:00,,1,Hotham Inlet
2026-05-14 12:00:00,2.7491848,27,Hotham Inlet
2026-05-21 12:00:00,5.2713995,54,Hotham Inlet
2026-05-28 12:00:00,9.669525,98,Hotham Inlet
2026-06-04 12:00:00,14.83174,45,Hotham Inlet
2026-06-11 12:00:00,12.581235,57,Hotham Inlet
2026-06-18 12:00:00,14.773539,69,Hotham Inlet
2026-06-25 12:00:00,13.398994,61,Hotham Inlet
2026-07-02 12:00:00,19.894238,64,Hotham Inlet
2026-07-09 12:00:00,15.180756,51,Hotham Inlet
2026-07-16 12:00:00,,6,Hotham Inlet
2026-07-23 12:00:00,16.90824,61,Hotham Inlet
2026-07-30 12:00:00,,2,Hotham Inlet
2026-08-06 12:00:00,19.591908,58,Hotham Inlet
2012-01-02 12:00:00,,0,Inner sound
2012-01-08 12:00:00,,0,Inner sound
2012-01-15 12:00:00,,0,Inner sound
2012-01-22 12:00:00,,0,Inner sound
2012-01-29 12:00:00,,0,Inner sound
2012-02-05 12:00:00,,0,Inner sound
2012-02-12 12:00:00,,0,Inner sound
2012-02-19 12:00:00,,0,Inner sound
2012-02-26 12:00:00,,0,Inner sound
2012-03-04 12:00:00,,0,Inner sound
2012-03-11 12:00:00,,0,Inner sound
2012-03-18 12:00:00,,0,Inner sound
2012-03-26 12:00:00,,0,Inner sound
2012-04-01 12:00:00,,0,Inner sound
2012-04-08 12:00:00,,0,Inner sound
2012-04-15 12:00:00,,0,Inner sound
2012-04-22 12:00:00,,0,Inner sound
2012-04-29 12:00:00,,0,Inner sound
2012-05-06 12:00:00,,0,Inner sound
2012-05-13 12:00:00,,0,Inner sound
2012-05-20 12:00:00,,0,Inner sound
2012-05-27 12:00:00,,0,Inner sound
2012-06-03 12:00:00,,0,Inner sound
2012-06-10 12:00:00,,0,Inner sound
2012-06-17 12:00:00,,0,Inner sound
2012-06-24 12:00:00,7.7512236,23,Inner sound
2012-07-01 12:00:00,8.581622,410,Inner sound
2012-07-08 12:00:00,6.0157127,507,Inner sound
2012-07-15 12:00:00,6.06929,361,Inner sound
2012-07-22 12:00:00,8.014906,226,Inner sound
2012-07-29 12:00:00,3.1310463,388,Inner sound
2012-08-05 12:00:00,4.8383474,451,Inner sound
2012-08-12 12:00:00,5.5203433,476,Inner sound
2012-08-19 12:00:00,2.8504045,407,Inner sound
2012-08-26 12:00:00,4.902687,81,Inner sound
2012-09-02 12:00:00,5.6459455,515,Inner sound
2012-09-09 12:00:00,7.9809556,629,Inner sound
2012-09-16 12:00:00,6.1364584,105,Inner sound
2012-09-23 12:00:00,5.542235,507,Inner sound
2012-09-30 12:00:00,,0,Inner sound
2012-10-07 12:00:00,,0,Inner sound
2012-10-14 12:00:00,,0,Inner sound
2012-10-21 12:00:00,,0,Inner sound
2012-10-28 12:00:00,,0,Inner sound
2012-11-04 12:00:00,,0,Inner sound
2012-11-11 12:00:00,,0,Inner sound
2012-11-18 12:00:00,,0,Inner sound
2012-11-25 12:00:00,,0,Inner sound
2012-12-02 12:00:00,,0,Inner sound
2012-12-09 12:00:00,,0,Inner sound
2012-12-16 12:00:00,,0,Inner sound
2012-12-23 12:00:00,,0,Inner sound
2013-01-01 12:00:00,,0,Inner sound
2013-01-08 12:00:00,,0,Inner sound
2013-01-15 12:00:00,,0,Inner sound
2013-01-22 12:00:00,,0,Inner sound
2013-01-29 12:00:00,,0,Inner sound
2013-02-05 12:00:00,,0,Inner sound
2013-02-12 12:00:00,,0,Inner sound
2013-02-19 12:00:00,,0,Inner sound
2013-02-26 12:00:00,,0,Inner sound
2013-03-05 12:00:00,,0,Inner sound
2013-03-12 12:00:00,,0,Inner sound
2013-03-19 12:00:00,,0,Inner sound
2013-03-26 12:00:00,,0,Inner sound
2013-04-02 12:00:00,,0,Inner sound
2013-04-09 12:00:00,,0,Inner sound
2013-04-16 12:00:00,,0,Inner sound
2013-04-23 12:00:00,,0,Inner sound
2013-04-30 12:00:00,,0,Inner sound
2013-05-07 12:00:00,,0,Inner sound
2013-05-14 12:00:00,,0,Inner sound
2013-05-21 12:00:00,,0,Inner sound
2013-05-28 12:00:00,,0,Inner sound
2013-06-04 12:00:00,,0,Inner sound
2013-06-11 12:00:00,,0,Inner sound
2013-06-18 12:00:00,8.851404,537,Inner sound
2013-06-25 12:00:00,7.5524917,285,Inner sound
2013-07-02 12:00:00,3.7274222,374,Inner sound
2013-07-09 12:00:00,6.834387,630,Inner sound
2013-07-16 12:00:00,2.8892517,548,Inner sound
2013-07-23 12:00:00,3.9846895,413,Inner sound
2013-07-30 12:00:00,2.624525,440,Inner sound
2013-08-06 12:00:00,1.7025733,332,Inner sound
2013-08-13 12:00:00,2.861767,628,Inner sound
2013-08-20 12:00:00,3.5538802,630,Inner sound
2013-08-27 12:00:00,2.9555907,615,Inner sound
2013-09-03 12:00:00,3.561214,601,Inner sound
2013-09-10 12:00:00,4.8278112,549,Inner sound
2013-09-17 12:00:00,4.27271,593,Inner sound
2013-09-24 12:00:00,4.5177445,623,Inner sound
2013-10-01 12:00:00,3.9383721,24,Inner sound
2013-10-08 12:00:00,,0,Inner sound
2013-10-15 12:00:00,,0,Inner sound
2013-10-22 12:00:00,,0,Inner sound
2013-10-29 12:00:00,,0,Inner sound
2013-11-05 12:00:00,,0,Inner sound
2013-11-12 12:00:00,,0,Inner sound
2013-11-19 12:00:00,,0,Inner sound
2013-11-26 12:00:00,,0,Inner sound
2013-12-03 12:00:00,,0,Inner sound
2013-12-10 12:00:00,,0,Inner sound
2013-12-17 12:00:00,,0,Inner sound
2013-12-24 12:00:00,,0,Inner sound
2014-01-01 12:00:00,,0,Inner sound
2014-01-08 12:00:00,,0,Inner sound
2014-01-15 12:00:00,,0,Inner sound
2014-01-22 12:00:00,,0,Inner sound
2014-01-29 12:00:00,,0,Inner sound
2014-02-05 12:00:00,,0,Inner sound
2014-02-12 12:00:00,,0,Inner sound
2014-02-19 12:00:00,,0,Inner sound
2014-02-26 12:00:00,,0,Inner sound
2014-03-05 12:00:00,,0,Inner sound
2014-03-12 12:00:00,,0,Inner sound
2014-03-19 12:00:00,,0,Inner sound
2014-03-26 12:00:00,,0,Inner sound
2014-04-02 12:00:00,,0,Inner sound
2014-04-09 12:00:00,,0,Inner sound
2014-04-16 12:00:00,,0,Inner sound
2014-04-23 12:00:00,,0,Inner sound
2014-04-30 12:00:00,,0,Inner sound
2014-05-07 12:00:00,,0,Inner sound
2014-05-14 12:00:00,,0,Inner sound
2014-05-21 12:00:00,,0,Inner sound
2014-05-28 12:00:00,,0,Inner sound
2014-06-04 12:00:00,,3,Inner sound
2014-06-11 12:00:00,6.6987543,204,Inner sound
2014-06-18 12:00:00,5.499654,192,Inner sound
2014-06-25 12:00:00,6.381797,178,Inner sound
2014-07-02 12:00:00,5.94911,608,Inner sound
2014-07-09 12:00:00,6.4442115,343,Inner sound
2014-07-16 12:00:00,6.2951765,66,Inner sound
2014-07-23 12:00:00,6.9617076,231,Inner sound
2014-07-30 12:00:00,8.264242,628,Inner sound
2014-08-06 12:00:00,8.838131,629,Inner sound
2014-08-13 12:00:00,10.339803,612,Inner sound
2014-08-20 12:00:00,6.3673773,623,Inner sound
2014-08-27 12:00:00,6.3169365,412,Inner sound
2014-09-03 12:00:00,7.070404,632,Inner sound
2014-09-10 12:00:00,6.0679545,511,Inner sound
2014-09-17 12:00:00,5.3820224,625,Inner sound
2014-09-24 12:00:00,4.4895325,219,Inner sound
2014-10-01 12:00:00,,0,Inner sound
2014-10-08 12:00:00,,0,Inner sound
2014-10-15 12:00:00,,0,Inner sound
2014-10-22 12:00:00,,0,Inner sound
2014-10-29 12:00:00,,0,Inner sound
2014-11-05 12:00:00,,0,Inner sound
2014-11-12 12:00:00,,0,Inner sound
2014-11-19 12:00:00,,0,Inner sound
2014-11-26 12:00:00,,0,Inner sound
2014-12-03 12:00:00,,0,Inner sound
2014-12-10 12:00:00,,0,Inner sound
2014-12-17 12:00:00,,0,Inner sound
2014-12-24 12:00:00,,0,Inner sound
2015-01-01 12:00:00,,0,Inner sound
2015-01-08 12:00:00,,0,Inner sound
2015-01-15 12:00:00,,0,Inner sound
2015-01-22 12:00:00,,0,Inner sound
2015-01-29 12:00:00,,0,Inner sound
2015-02-05 12:00:00,,0,Inner sound
2015-02-12 12:00:00,,0,Inner sound
2015-02-19 12:00:00,,0,Inner sound
2015-02-26 12:00:00,,0,Inner sound
2015-03-05 12:00:00,,0,Inner sound
2015-03-12 12:00:00,,0,Inner sound
2015-03-19 12:00:00,,0,Inner sound
2015-03-26 12:00:00,,0,Inner sound
2015-04-02 12:00:00,,0,Inner sound
2015-04-09 12:00:00,,0,Inner sound
2015-04-16 12:00:00,,0,Inner sound
2015-04-23 12:00:00,,0,Inner sound
2015-04-30 12:00:00,,0,Inner sound
2015-05-07 12:00:00,,0,Inner sound
2015-05-14 12:00:00,,0,Inner sound
2015-05-21 12:00:00,,0,Inner sound
2015-05-28 12:00:00,8.812059,128,Inner sound
2015-06-04 12:00:00,9.504923,103,Inner sound
2015-06-11 12:00:00,6.795719,423,Inner sound
2015-06-18 12:00:00,6.6611342,619,Inner sound
2015-06-25 12:00:00,3.7326734,240,Inner sound
2015-07-02 12:00:00,3.6343687,95,Inner sound
2015-07-09 12:00:00,5.021577,267,Inner sound
2015-07-16 12:00:00,3.2631564,600,Inner sound
2015-07-23 12:00:00,3.7557032,566,Inner sound
2015-07-30 12:00:00,3.9089856,627,Inner sound
2015-08-06 12:00:00,4.49553,624,Inner sound
2015-08-13 12:00:00,2.8465903,515,Inner sound
2015-08-20 12:00:00,4.586847,294,Inner sound
2015-08-27 12:00:00,7.7343216,286,Inner sound
2015-09-03 12:00:00,4.6525593,630,Inner sound
2015-09-10 12:00:00,4.9241414,628,Inner sound
2015-09-17 12:00:00,5.159304,619,Inner sound
2015-09-24 12:00:00,4.0731606,357,Inner sound
2015-10-01 12:00:00,,0,Inner sound
2015-10-08 12:00:00,,0,Inner sound
2015-10-15 12:00:00,,0,Inner sound
2015-10-22 12:00:00,,0,Inner sound
2015-10-29 12:00:00,,0,Inner sound
2015-11-05 12:00:00,,0,Inner sound
2015-11-12 12:00:00,,0,Inner sound
2015-11-19 12:00:00,,0,Inner sound
2015-11-26 12:00:00,,0,Inner sound
2015-12-03 12:00:00,,0,Inner sound
2015-12-10 12:00:00,,0,Inner sound
2015-12-17 12:00:00,,0,Inner sound
2015-12-24 12:00:00,,0,Inner sound
2016-01-01 12:00:00,,0,Inner sound
2016-01-08 12:00:00,,0,Inner sound
2016-01-15 12:00:00,,0,Inner sound
2016-01-22 12:00:00,,0,Inner sound
2016-01-29 12:00:00,,0,Inner sound
2016-02-05 12:00:00,,0,Inner sound
2016-02-12 12:00:00,,0,Inner sound
2016-02-19 12:00:00,,0,Inner sound
2016-02-26 12:00:00,,0,Inner sound
2016-03-04 12:00:00,,0,Inner sound
2016-03-11 12:00:00,,0,Inner sound
2016-03-18 12:00:00,,0,Inner sound
2016-03-25 12:00:00,,0,Inner sound
2016-04-01 12:00:00,,0,Inner sound
2016-04-08 12:00:00,,0,Inner sound
2016-04-15 12:00:00,,0,Inner sound
2016-04-22 12:00:00,,0,Inner sound
2016-04-29 12:00:00,,0,Inner sound
2016-05-06 12:00:00,,0,Inner sound
2016-05-13 12:00:00,,0,Inner sound
2016-05-20 12:00:00,,0,Inner sound
2016-05-27 12:00:00,6.455111,32,Inner sound
2016-06-03 12:00:00,7.107466,173,Inner sound
2016-06-10 12:00:00,4.7937403,400,Inner sound
2016-06-17 12:00:00,3.2158108,94,Inner sound
2016-06-24 12:00:00,4.0120635,285,Inner sound
2016-07-01 12:00:00,3.395078,592,Inner sound
2016-07-08 12:00:00,2.9767466,611,Inner sound
2016-07-15 12:00:00,2.2035139,411,Inner sound
2016-07-22 12:00:00,2.8901277,429,Inner sound
2016-07-29 12:00:00,3.6475801,627,Inner sound
2016-08-05 12:00:00,2.833445,489,Inner sound
2016-08-12 12:00:00,3.678242,628,Inner sound
2016-08-19 12:00:00,3.6667645,444,Inner sound
2016-08-26 12:00:00,4.1769853,628,Inner sound
2016-09-02 12:00:00,4.90947,630,Inner sound
2016-09-09 12:00:00,4.926375,621,Inner sound
2016-09-16 12:00:00,5.474641,432,Inner sound
2016-09-23 12:00:00,5.0317225,441,Inner sound
2016-09-30 12:00:00,,0,Inner sound
2016-10-07 12:00:00,,0,Inner sound
2016-10-14 12:00:00,,0,Inner sound
2016-10-21 12:00:00,,0,Inner sound
2016-10-28 12:00:00,,0,Inner sound
2016-11-04 12:00:00,,0,Inner sound
2016-11-11 12:00:00,,0,Inner sound
2016-11-18 12:00:00,,0,Inner sound
2016-11-25 12:00:00,,0,Inner sound
2016-12-02 12:00:00,,0,Inner sound
2016-12-09 12:00:00,,0,Inner sound
2016-12-16 12:00:00,,0,Inner sound
2016-12-23 12:00:00,,0,Inner sound
2017-01-01 12:00:00,,0,Inner sound
2017-01-08 12:00:00,,0,Inner sound
2017-01-15 12:00:00,,0,Inner sound
2017-01-22 12:00:00,,0,Inner sound
2017-01-29 12:00:00,,0,Inner sound
2017-02-05 12:00:00,,0,Inner sound
2017-02-12 12:00:00,,0,Inner sound
2017-02-19 12:00:00,,0,Inner sound
2017-02-26 12:00:00,,0,Inner sound
2017-03-05 12:00:00,,0,Inner sound
2017-03-12 12:00:00,,0,Inner sound
2017-03-19 12:00:00,,0,Inner sound
2017-03-26 12:00:00,,0,Inner sound
2017-04-02 12:00:00,,0,Inner sound
2017-04-09 12:00:00,,0,Inner sound
2017-04-16 12:00:00,,0,Inner sound
2017-04-23 12:00:00,,0,Inner sound
2017-04-30 12:00:00,,0,Inner sound
2017-05-07 12:00:00,,0,Inner sound
2017-05-14 12:00:00,,0,Inner sound
2017-05-21 12:00:00,,0,Inner sound
2017-05-28 12:00:00,,0,Inner sound
2017-06-04 12:00:00,,0,Inner sound
2017-06-11 12:00:00,6.0689335,94,Inner sound
2017-06-18 12:00:00,3.5449152,124,Inner sound
2017-06-25 12:00:00,3.171566,561,Inner sound
2017-07-02 12:00:00,6.6628966,616,Inner sound
2017-07-09 12:00:00,3.9542215,621,Inner sound
2017-07-16 12:00:00,4.3468723,364,Inner sound
2017-07-23 12:00:00,4.5321345,506,Inner sound
2017-07-30 12:00:00,3.8490777,619,Inner sound
2017-08-06 12:00:00,3.2530801,401,Inner sound
2017-08-13 12:00:00,4.639093,380,Inner sound
2017-08-20 12:00:00,5.381858,625,Inner sound
2017-08-27 12:00:00,5.016712,630,Inner sound
2017-09-03 12:00:00,4.465698,625,Inner sound
2017-09-10 12:00:00,5.9086924,269,Inner sound
2017-09-17 12:00:00,6.3490205,348,Inner sound
2017-09-24 12:00:00,5.709509,620,Inner sound
2017-10-01 12:00:00,,0,Inner sound
2017-10-08 12:00:00,,0,Inner sound
2017-10-15 12:00:00,,0,Inner sound
2017-10-22 12:00:00,,0,Inner sound
2017-10-29 12:00:00,,0,Inner sound
2017-11-05 12:00:00,,0,Inner sound
2017-11-12 12:00:00,,0,Inner sound
2017-11-19 12:00:00,,0,Inner sound
2017-11-26 12:00:00,,0,Inner sound
2017-12-03 12:00:00,,0,Inner sound
2017-12-10 12:00:00,,0,Inner sound
2017-12-17 12:00:00,,0,Inner sound
2017-12-24 12:00:00,,0,Inner sound
2018-01-01 12:00:00,,0,Inner sound
2018-01-08 12:00:00,,0,Inner sound
2018-01-15 12:00:00,,0,Inner sound
2018-01-22 12:00:00,,0,Inner sound
2018-01-29 12:00:00,,0,Inner sound
2018-02-05 12:00:00,,0,Inner sound
2018-02-12 12:00:00,,0,Inner sound
2018-02-19 12:00:00,,0,Inner sound
2018-02-26 12:00:00,,0,Inner sound
2018-03-05 12:00:00,,0,Inner sound
2018-03-12 12:00:00,,0,Inner sound
2018-03-19 12:00:00,,0,Inner sound
2018-03-26 12:00:00,,0,Inner sound
2018-04-02 12:00:00,,0,Inner sound
2018-04-09 12:00:00,,0,Inner sound
2018-04-16 12:00:00,,0,Inner sound
2018-04-23 12:00:00,,0,Inner sound
2018-04-30 12:00:00,,0,Inner sound
2018-05-07 12:00:00,,0,Inner sound
2018-05-14 12:00:00,,6,Inner sound
2018-05-21 12:00:00,,6,Inner sound
2018-05-28 12:00:00,7.2152424,238,Inner sound
2018-06-04 12:00:00,6.349972,308,Inner sound
2018-06-11 12:00:00,4.8894224,341,Inner sound
2018-06-18 12:00:00,5.998707,328,Inner sound
2018-06-25 12:00:00,6.2436,585,Inner sound
2018-07-02 12:00:00,4.272078,586,Inner sound
2018-07-09 12:00:00,4.9346027,366,Inner sound
2018-07-16 12:00:00,7.1003633,59,Inner sound
2018-07-23 12:00:00,5.7457724,595,Inner sound
2018-07-30 12:00:00,5.607451,597,Inner sound
2018-08-06 12:00:00,4.5147696,589,Inner sound
2018-08-13 12:00:00,4.8577614,620,Inner sound
2018-08-20 12:00:00,3.6709201,384,Inner sound
2018-08-27 12:00:00,5.4093204,628,Inner sound
2018-09-03 12:00:00,4.6661873,631,Inner sound
2018-09-10 12:00:00,6.0550036,416,Inner sound
2018-09-17 12:00:00,5.7046614,624,Inner sound
2018-09-24 12:00:00,6.102928,618,Inner sound
2018-10-01 12:00:00,,0,Inner sound
2018-10-08 12:00:00,,0,Inner sound
2018-10-15 12:00:00,,0,Inner sound
2018-10-22 12:00:00,,0,Inner sound
2018-10-29 12:00:00,,0,Inner sound
2018-11-05 12:00:00,,0,Inner sound
2018-11-12 12:00:00,,0,Inner sound
2018-11-19 12:00:00,,0,Inner sound
2018-11-26 12:00:00,,0,Inner sound
2018-12-03 12:00:00,,0,Inner sound
2018-12-10 12:00:00,,0,Inner sound
2018-12-17 12:00:00,,0,Inner sound
2018-12-24 12:00:00,,0,Inner sound
2019-01-01 12:00:00,,0,Inner sound
2019-01-08 12:00:00,,0,Inner sound
2019-01-15 12:00:00,,0,Inner sound
2019-01-22 12:00:00,,0,Inner sound
2019-01-29 12:00:00,,0,Inner sound
2019-02-05 12:00:00,,0,Inner sound
2019-02-12 12:00:00,,0,Inner sound
2019-02-19 12:00:00,,0,Inner sound
2019-02-26 12:00:00,,0,Inner sound
2019-03-05 12:00:00,,0,Inner sound
2019-03-12 12:00:00,,0,Inner sound
2019-03-19 12:00:00,,0,Inner sound
2019-03-26 12:00:00,,0,Inner sound
2019-04-02 12:00:00,,0,Inner sound
2019-04-09 12:00:00,,0,Inner sound
2019-04-16 12:00:00,,0,Inner sound
2019-04-23 12:00:00,,0,Inner sound
2019-04-30 12:00:00,,0,Inner sound
2019-05-07 12:00:00,2.0067534,12,Inner sound
2019-05-14 12:00:00,7.568397,27,Inner sound
2019-05-21 12:00:00,10.266871,118,Inner sound
2019-05-28 12:00:00,10.07805,429,Inner sound
2019-06-04 12:00:00,6.8489776,261,Inner sound
2019-06-11 12:00:00,11.48032,572,Inner sound
2019-06-18 12:00:00,7.2140374,591,Inner sound
2019-06-25 12:00:00,13.476486,577,Inner sound
2019-07-02 12:00:00,8.961667,347,Inner sound
2019-07-09 12:00:00,6.3166075,601,Inner sound
2019-07-16 12:00:00,11.449175,573,Inner sound
2019-07-23 12:00:00,11.368593,197,Inner sound
2019-07-30 12:00:00,10.6200485,470,Inner sound
2019-08-06 12:00:00,11.796247,490,Inner sound
2019-08-13 12:00:00,8.499505,602,Inner sound
2019-08-20 12:00:00,8.5139,628,Inner sound
2019-08-27 12:00:00,3.6059246,246,Inner sound
2019-09-03 12:00:00,,2,Inner sound
2019-09-10 12:00:00,7.5631347,630,Inner sound
2019-09-17 12:00:00,7.0073614,626,Inner sound
2019-09-24 12:00:00,5.938023,539,Inner sound
2019-10-01 12:00:00,,0,Inner sound
2019-10-08 12:00:00,,0,Inner sound
2019-10-15 12:00:00,,0,Inner sound
2019-10-22 12:00:00,,0,Inner sound
2019-10-29 12:00:00,,0,Inner sound
2019-11-05 12:00:00,,0,Inner sound
2019-11-12 12:00:00,,0,Inner sound
2019-11-19 12:00:00,,0,Inner sound
2019-11-26 12:00:00,,0,Inner sound
2019-12-03 12:00:00,,0,Inner sound
2019-12-10 12:00:00,,0,Inner sound
2019-12-17 12:00:00,,0,Inner sound
2019-12-24 12:00:00,,0,Inner sound
2020-01-01 12:00:00,,0,Inner sound
2020-01-08 12:00:00,,0,Inner sound
2020-01-15 12:00:00,,0,Inner sound
2020-01-22 12:00:00,,0,Inner sound
2020-01-29 12:00:00,,0,Inner sound
2020-02-05 12:00:00,,0,Inner sound
2020-02-12 12:00:00,,0,Inner sound
2020-02-19 12:00:00,,0,Inner sound
2020-02-26 12:00:00,,0,Inner sound
2020-03-04 12:00:00,,0,Inner sound
2020-03-11 12:00:00,,0,Inner sound
2020-03-18 12:00:00,,0,Inner sound
2020-03-25 12:00:00,,0,Inner sound
2020-04-01 12:00:00,,0,Inner sound
2020-04-08 12:00:00,,0,Inner sound
2020-04-15 12:00:00,,0,Inner sound
2020-04-22 12:00:00,,0,Inner sound
2020-04-29 12:00:00,,0,Inner sound
2020-05-06 12:00:00,,0,Inner sound
2020-05-13 12:00:00,,0,Inner sound
2020-05-20 12:00:00,,0,Inner sound
2020-05-27 12:00:00,10.761908,45,Inner sound
2020-06-03 12:00:00,,0,Inner sound
2020-06-10 12:00:00,6.8612714,11,Inner sound
2020-06-17 12:00:00,7.274626,319,Inner sound
2020-06-24 12:00:00,11.969474,153,Inner sound
2020-07-01 12:00:00,9.241642,312,Inner sound
2020-07-08 12:00:00,2.5641193,38,Inner sound
2020-07-15 12:00:00,1.1859155,175,Inner sound
2020-07-22 12:00:00,1.757189,85,Inner sound
2020-07-29 12:00:00,4.521159,625,Inner sound
2020-08-05 12:00:00,3.0024254,598,Inner sound
2020-08-12 12:00:00,3.0948963,625,Inner sound
2020-08-19 12:00:00,3.2528653,627,Inner sound
2020-08-26 12:00:00,3.008822,616,Inner sound
2020-09-02 12:00:00,1.974859,475,Inner sound
2020-09-09 12:00:00,1.3313912,156,Inner sound
2020-09-16 12:00:00,3.6268954,608,Inner sound
2020-09-23 12:00:00,4.9191513,632,Inner sound
2020-09-30 12:00:00,,0,Inner sound
2020-10-07 12:00:00,,0,Inner sound
2020-10-14 12:00:00,,0,Inner sound
2020-10-21 12:00:00,,0,Inner sound
2020-10-28 12:00:00,,0,Inner sound
2020-11-04 12:00:00,,0,Inner sound
2020-11-11 12:00:00,,0,Inner sound
2020-11-18 12:00:00,,0,Inner sound
2020-11-25 12:00:00,,0,Inner sound
2020-12-02 12:00:00,,0,Inner sound
2020-12-09 12:00:00,,0,Inner sound
2020-12-16 12:00:00,,0,Inner sound
2020-12-23 12:00:00,,0,Inner sound
2021-01-01 12:00:00,,0,Inner sound
2021-01-08 12:00:00,,0,Inner sound
2021-01-15 12:00:00,,0,Inner sound
2021-01-22 12:00:00,,0,Inner sound
2021-01-29 12:00:00,,0,Inner sound
2021-02-05 12:00:00,,0,Inner sound
2021-02-12 12:00:00,,0,Inner sound
2021-02-19 12:00:00,,0,Inner sound
2021-02-26 12:00:00,,0,Inner sound
2021-03-05 12:00:00,,0,Inner sound
2021-03-12 12:00:00,,0,Inner sound
2021-03-19 12:00:00,,0,Inner sound
2021-03-26 12:00:00,,0,Inner sound
2021-04-02 12:00:00,,0,Inner sound
2021-04-09 12:00:00,,0,Inner sound
2021-04-16 12:00:00,,0,Inner sound
2021-04-23 12:00:00,,0,Inner sound
2021-04-30 12:00:00,,0,Inner sound
2021-05-07 12:00:00,,0,Inner sound
2021-05-14 12:00:00,,0,Inner sound
2021-05-21 12:00:00,8.170717,24,Inner sound
2021-05-28 12:00:00,6.418867,88,Inner sound
2021-06-04 12:00:00,3.8677874,92,Inner sound
2021-06-11 12:00:00,8.800795,145,Inner sound
2021-06-18 12:00:00,7.921505,208,Inner sound
2021-06-25 12:00:00,7.0085187,162,Inner sound
2021-07-02 12:00:00,9.787079,97,Inner sound
2021-07-09 12:00:00,5.2098236,320,Inner sound
2021-07-16 12:00:00,8.052959,179,Inner sound
2021-07-23 12:00:00,5.781125,105,Inner sound
2021-07-30 12:00:00,4.1469026,557,Inner sound
2021-08-06 12:00:00,4.4698067,613,Inner sound
2021-08-13 12:00:00,6.077434,596,Inner sound
2021-08-20 12:00:00,5.2024508,617,Inner sound
2021-08-27 12:00:00,4.971497,523,Inner sound
2021-09-03 12:00:00,6.4237614,292,Inner sound
2021-09-10 12:00:00,5.82158,131,Inner sound
2021-09-17 12:00:00,5.7602935,437,Inner sound
2021-09-24 12:00:00,5.098345,321,Inner sound
2021-10-01 12:00:00,,0,Inner sound
2021-10-08 12:00:00,,0,Inner sound
2021-10-15 12:00:00,,0,Inner sound
2021-10-22 12:00:00,,0,Inner sound
2021-10-29 12:00:00,,0,Inner sound
2021-11-05 12:00:00,,0,Inner sound
2021-11-12 12:00:00,,0,Inner sound
2021-11-19 12:00:00,,0,Inner sound
2021-11-26 12:00:00,,0,Inner sound
2021-12-03 12:00:00,,0,Inner sound
2021-12-10 12:00:00,,0,Inner sound
2021-12-17 12:00:00,,0,Inner sound
2021-12-24 12:00:00,,0,Inner sound
2022-01-03 12:00:00,,0,Inner sound
2022-01-08 12:00:00,,0,Inner sound
2022-01-15 12:00:00,,0,Inner sound
2022-01-22 12:00:00,,0,Inner sound
2022-01-29 12:00:00,,0,Inner sound
2022-02-05 12:00:00,,0,Inner sound
2022-02-12 12:00:00,,0,Inner sound
2022-02-19 12:00:00,,0,Inner sound
2022-02-26 12:00:00,,0,Inner sound
2022-03-05 12:00:00,,0,Inner sound
2022-03-12 12:00:00,,0,Inner sound
2022-03-19 12:00:00,,0,Inner sound
2022-03-26 12:00:00,,0,Inner sound
2022-04-02 12:00:00,,0,Inner sound
2022-04-09 12:00:00,,0,Inner sound
2022-04-16 12:00:00,,0,Inner sound
2022-04-23 12:00:00,,0,Inner sound
2022-04-30 12:00:00,,0,Inner sound
2022-05-07 12:00:00,,0,Inner sound
2022-05-14 12:00:00,,0,Inner sound
2022-05-21 12:00:00,,0,Inner sound
2022-05-28 12:00:00,9.582104,32,Inner sound
2022-06-04 12:00:00,4.9023438,135,Inner sound
2022-06-11 12:00:00,4.128209,143,Inner sound
2022-06-18 12:00:00,6.709377,153,Inner sound
2022-06-25 12:00:00,6.6990952,202,Inner sound
2022-07-02 12:00:00,3.8129067,421,Inner sound
2022-07-09 12:00:00,6.3002996,501,Inner sound
2022-07-16 12:00:00,10.694957,281,Inner sound
2022-07-23 12:00:00,10.079926,221,Inner sound
2022-08-10 12:00:00,2.9124775,438,Inner sound
2022-08-13 12:00:00,4.1876335,601,Inner sound
2022-08-20 12:00:00,4.0509567,605,Inner sound
2022-08-27 12:00:00,6.151726,380,Inner sound
2022-09-03 12:00:00,4.61572,564,Inner sound
2022-09-10 12:00:00,3.6545324,573,Inner sound
2022-09-17 12:00:00,8.463988,147,Inner sound
2022-09-24 12:00:00,6.317547,605,Inner sound
2022-10-01 12:00:00,,0,Inner sound
2022-10-08 12:00:00,,0,Inner sound
2022-10-15 12:00:00,,0,Inner sound
2022-10-22 12:00:00,,0,Inner sound
2022-10-29 12:00:00,,0,Inner sound
2022-11-05 12:00:00,,0,Inner sound
2022-11-12 12:00:00,,0,Inner sound
2022-11-19 12:00:00,,0,Inner sound
2022-11-26 12:00:00,,0,Inner sound
2022-12-03 12:00:00,,0,Inner sound
2022-12-10 12:00:00,,0,Inner sound
2022-12-17 12:00:00,,0,Inner sound
2022-12-24 12:00:00,,0,Inner sound
2023-01-01 12:00:00,,0,Inner sound
2023-01-08 12:00:00,,0,Inner sound
2023-01-15 12:00:00,,0,Inner sound
2023-01-22 12:00:00,,0,Inner sound
2023-01-29 12:00:00,,0,Inner sound
2023-02-05 12:00:00,,0,Inner sound
2023-02-12 12:00:00,,0,Inner sound
2023-02-19 12:00:00,,0,Inner sound
2023-02-26 12:00:00,,0,Inner sound
2023-03-05 12:00:00,,0,Inner sound
2023-03-12 12:00:00,,5,Inner sound
2023-03-19 12:00:00,,3,Inner sound
2023-03-26 12:00:00,,0,Inner sound
2023-04-02 12:00:00,,2,Inner sound
2023-04-09 12:00:00,,0,Inner sound
2023-04-16 12:00:00,,0,Inner sound
2023-04-23 12:00:00,,0,Inner sound
2023-04-30 12:00:00,,0,Inner sound
2023-05-07 12:00:00,,0,Inner sound
2023-05-14 12:00:00,0.9448329,15,Inner sound
2023-05-21 12:00:00,2.0858822,31,Inner sound
2023-05-28 12:00:00,1.9386969,48,Inner sound
2023-06-04 12:00:00,5.165531,181,Inner sound
2023-06-11 12:00:00,6.1784797,265,Inner sound
2023-06-18 12:00:00,6.0513377,290,Inner sound
2023-06-25 12:00:00,6.50795,528,Inner sound
2023-07-09 12:00:00,6.3061175,250,Inner sound
2023-07-16 12:00:00,10.094742,296,Inner sound
2023-07-23 12:00:00,3.1300435,514,Inner sound
2023-07-30 12:00:00,5.290024,333,Inner sound
2023-08-01 12:00:00,3.137403,611,Inner sound
2023-08-06 12:00:00,1.6073836,485,Inner sound
2023-08-13 12:00:00,2.226566,595,Inner sound
2023-08-27 12:00:00,6.0059404,570,Inner sound
2023-09-03 12:00:00,7.7603636,422,Inner sound
2023-10-22 12:00:00,,0,Inner sound
2023-10-29 12:00:00,,0,Inner sound
2023-11-05 12:00:00,,0,Inner sound
2023-11-12 12:00:00,,0,Inner sound
2023-11-19 12:00:00,,0,Inner sound
2023-11-26 12:00:00,,0,Inner sound
2023-12-03 12:00:00,,0,Inner sound
2023-12-10 12:00:00,,0,Inner sound
2023-12-17 12:00:00,,0,Inner sound
2023-12-24 12:00:00,,0,Inner sound
2024-01-01 12:00:00,,0,Inner sound
2024-01-08 12:00:00,,0,Inner sound
2024-01-15 12:00:00,,0,Inner sound
2024-01-22 12:00:00,,0,Inner sound
2024-01-29 12:00:00,,0,Inner sound
2024-02-05 12:00:00,,0,Inner sound
2024-02-12 12:00:00,,0,Inner sound
2024-02-19 12:00:00,,0,Inner sound
2024-02-26 12:00:00,,0,Inner sound
2024-03-04 12:00:00,,0,Inner sound
2024-03-11 12:00:00,,0,Inner sound
2024-03-18 12:00:00,,0,Inner sound
2024-03-25 12:00:00,,0,Inner sound
2024-04-01 12:00:00,,0,Inner sound
2024-04-08 12:00:00,,0,Inner sound
2024-04-15 12:00:00,,0,Inner sound
2024-04-22 12:00:00,,0,Inner sound
2024-04-29 12:00:00,,0,Inner sound
2024-05-06 12:00:00,,0,Inner sound
2024-05-13 12:00:00,,0,Inner sound
2024-05-20 12:00:00,0.75322074,11,Inner sound
2024-05-27 12:00:00,9.087973,120,Inner sound
2024-06-03 12:00:00,8.366568,184,Inner sound
2024-06-10 12:00:00,6.2763395,202,Inner sound
2024-06-17 12:00:00,9.923435,289,Inner sound
2024-06-24 12:00:00,9.304799,227,Inner sound
2024-07-01 12:00:00,6.71089,267,Inner sound
2024-07-08 12:00:00,22.496513,71,Inner sound
2024-07-15 12:00:00,5.3721476,551,Inner sound
2024-07-22 12:00:00,5.846843,537,Inner sound
2024-07-29 12:00:00,7.2699924,301,Inner sound
2024-08-05 12:00:00,2.590732,538,Inner sound
2024-08-12 12:00:00,2.2215655,397,Inner sound
2024-08-19 12:00:00,5.3328753,135,Inner sound
2024-08-26 12:00:00,6.41737,628,Inner sound
2024-09-02 12:00:00,7.594927,275,Inner sound
2024-09-09 12:00:00,6.009816,304,Inner sound
2024-09-16 12:00:00,5.428617,633,Inner sound
2024-09-23 12:00:00,5.894823,607,Inner sound
2024-09-30 12:00:00,,0,Inner sound
2024-10-07 12:00:00,,0,Inner sound
2024-10-14 12:00:00,,0,Inner sound
2024-10-21 12:00:00,,0,Inner sound
2024-10-30 12:00:00,,0,Inner sound
2024-11-04 12:00:00,,0,Inner sound
2024-11-11 12:00:00,,0,Inner sound
2024-11-18 12:00:00,,0,Inner sound
2024-11-25 12:00:00,,0,Inner sound
2024-12-02 12:00:00,,0,Inner sound
2024-12-09 12:00:00,,0,Inner sound
2024-12-19 12:00:00,,0,Inner sound
2024-12-23 12:00:00,,0,Inner sound
2024-12-30 12:00:00,,0,Inner sound
2025-01-01 12:00:00,,0,Inner sound
2025-01-08 12:00:00,,0,Inner sound
2025-01-15 12:00:00,,0,Inner sound
2025-01-22 12:00:00,,0,Inner sound
2025-01-29 12:00:00,,0,Inner sound
2025-02-05 12:00:00,,0,Inner sound
2025-02-12 12:00:00,,0,Inner sound
2025-02-19 12:00:00,,0,Inner sound
2025-02-26 12:00:00,,0,Inner sound
2025-03-05 12:00:00,,0,Inner sound
2025-03-12 12:00:00,,0,Inner sound
2025-03-19 12:00:00,,0,Inner sound
2025-03-26 12:00:00,,0,Inner sound
2025-04-02 12:00:00,,0,Inner sound
2025-04-09 12:00:00,,0,Inner sound
2025-04-16 12:00:00,,0,Inner sound
2025-04-23 12:00:00,,0,Inner sound
2025-04-30 12:00:00,,0,Inner sound
2025-05-07 12:00:00,,0,Inner sound
2025-05-14 12:00:00,,0,Inner sound
2025-06-25 12:00:00,7.833226,330,Inner sound
2025-07-02 12:00:00,5.8488026,603,Inner sound
2025-07-09 12:00:00,7.4353914,476,Inner sound
2025-07-16 12:00:00,4.9144983,385,Inner sound
2025-07-23 12:00:00,5.8094697,439,Inner sound
2025-07-30 12:00:00,4.762763,642,Inner sound
2025-08-06 12:00:00,3.8078156,159,Inner sound
2025-08-13 12:00:00,5.497033,636,Inner sound
2025-08-20 12:00:00,5.701227,626,Inner sound
2025-08-27 12:00:00,6.873752,91,Inner sound
2025-09-03 12:00:00,6.748842,621,Inner sound
2025-09-10 12:00:00,6.8404427,655,Inner sound
2025-09-17 12:00:00,7.8290563,541,Inner sound
2025-09-24 12:00:00,7.8238635,496,Inner sound
2025-10-01 12:00:00,,0,Inner sound
2025-10-08 12:00:00,,0,Inner sound
2025-10-15 12:00:00,,0,Inner sound
2025-10-22 12:00:00,,0,Inner sound
2025-10-29 12:00:00,,0,Inner sound
2025-11-05 12:00:00,,0,Inner sound
2025-11-12 12:00:00,,0,Inner sound
2025-11-19 12:00:00,,0,Inner sound
2025-11-26 12:00:00,,0,Inner sound
2025-12-03 12:00:00,,0,Inner sound
2025-12-10 12:00:00,,0,Inner sound
2025-12-17 12:00:00,,0,Inner sound
2025-12-24 12:00:00,,0,Inner sound
2025-12-31 12:00:00,,0,Inner sound
2026-01-01 12:00:00,,0,Inner sound
2026-01-08 12:00:00,,0,Inner sound
2026-01-15 12:00:00,,0,Inner sound
2026-01-29 12:00:00,,0,Inner sound
2026-02-05 12:00:00,,0,Inner sound
2026-02-12 12:00:00,,0,Inner sound
2026-02-19 12:00:00,,0,Inner sound
2026-02-26 12:00:00,,0,Inner sound
2026-03-05 12:00:00,,0,Inner sound
2026-03-12 12:00:00,,0,Inner sound
2026-03-19 12:00:00,,0,Inner sound
2026-03-26 12:00:00,,0,Inner sound
2026-04-02 12:00:00,,0,Inner sound
2026-04-10 12:00:00,,0,Inner sound
2026-04-16 12:00:00,,0,Inner sound
2026-04-23 12:00:00,,0,Inner sound
2026-04-30 12:00:00,,0,Inner sound
2026-05-07 12:00:00,,0,Inner sound
2026-05-14 12:00:00,,6,Inner sound
2026-05-21 12:00:00,9.952204,36,Inner sound
2026-05-28 12:00:00,5.0222397,102,Inner sound
2026-06-04 12:00:00,6.8604584,210,Inner sound
2026-06-11 12:00:00,9.403275,205,Inner sound
2026-06-18 12:00:00,7.676546,215,Inner sound
2026-06-25 12:00:00,6.6752863,263,Inner sound
2026-07-02 12:00:00,5.1348934,633,Inner sound
2026-07-09 12:00:00,5.99302,351,Inner sound
2026-07-16 12:00:00,2.0768719,513,Inner sound
2026-07-23 12:00:00,5.2806463,468,Inner sound
2026-07-30 12:00:00,2.8003693,254,Inner sound
2026-08-06 12:00:00,2.439459,622,Inner sound
2012-01-02 12:00:00,,0,Outer sound
2012-01-08 12:00:00,,0,Outer sound
2012-01-15 12:00:00,,0,Outer sound
2012-01-22 12:00:00,,0,Outer sound
2012-01-29 12:00:00,,0,Outer sound
2012-02-05 12:00:00,,0,Outer sound
2012-02-12 12:00:00,,0,Outer sound
2012-02-19 12:00:00,,0,Outer sound
2012-02-26 12:00:00,,0,Outer sound
2012-03-04 12:00:00,,0,Outer sound
2012-03-11 12:00:00,,0,Outer sound
2012-03-18 12:00:00,,0,Outer sound
2012-03-26 12:00:00,,0,Outer sound
2012-04-01 12:00:00,,0,Outer sound
2012-04-08 12:00:00,,0,Outer sound
2012-04-15 12:00:00,,0,Outer sound
2012-04-22 12:00:00,,0,Outer sound
2012-04-29 12:00:00,,0,Outer sound
2012-05-06 12:00:00,,0,Outer sound
2012-05-13 12:00:00,,0,Outer sound
2012-05-20 12:00:00,,0,Outer sound
2012-05-27 12:00:00,,0,Outer sound
2012-06-03 12:00:00,,0,Outer sound
2012-06-10 12:00:00,,0,Outer sound
2012-06-17 12:00:00,2.2031786,14,Outer sound
2012-06-24 12:00:00,1.2681441,13,Outer sound
2012-07-01 12:00:00,1.444962,891,Outer sound
2012-07-08 12:00:00,0.94487745,1015,Outer sound
2012-07-15 12:00:00,0.8315418,1013,Outer sound
2012-07-22 12:00:00,1.2127595,972,Outer sound
2012-07-29 12:00:00,1.8818537,940,Outer sound
2012-08-05 12:00:00,2.4623203,802,Outer sound
2012-08-12 12:00:00,2.7596335,82,Outer sound
2012-08-19 12:00:00,1.3159171,401,Outer sound
2012-08-26 12:00:00,3.186225,114,Outer sound
2012-09-02 12:00:00,3.6182055,979,Outer sound
2012-09-09 12:00:00,4.055318,1029,Outer sound
2012-09-16 12:00:00,1.3770114,34,Outer sound
2012-09-23 12:00:00,4.171327,501,Outer sound
2012-09-30 12:00:00,,0,Outer sound
2012-10-07 12:00:00,,0,Outer sound
2012-10-14 12:00:00,,0,Outer sound
2012-10-21 12:00:00,,0,Outer sound
2012-10-28 12:00:00,,0,Outer sound
2012-11-04 12:00:00,,0,Outer sound
2012-11-11 12:00:00,,0,Outer sound
2012-11-18 12:00:00,,0,Outer sound
2012-11-25 12:00:00,,0,Outer sound
2012-12-02 12:00:00,,0,Outer sound
2012-12-09 12:00:00,,0,Outer sound
2012-12-16 12:00:00,,0,Outer sound
2012-12-23 12:00:00,,0,Outer sound
2013-01-01 12:00:00,,0,Outer sound
2013-01-08 12:00:00,,0,Outer sound
2013-01-15 12:00:00,,0,Outer sound
2013-01-22 12:00:00,,0,Outer sound
2013-01-29 12:00:00,,0,Outer sound
2013-02-05 12:00:00,,0,Outer sound
2013-02-12 12:00:00,,0,Outer sound
2013-02-19 12:00:00,,0,Outer sound
2013-02-26 12:00:00,,0,Outer sound
2013-03-05 12:00:00,,0,Outer sound
2013-03-12 12:00:00,,0,Outer sound
2013-03-19 12:00:00,,0,Outer sound
2013-03-26 12:00:00,,0,Outer sound
2013-04-02 12:00:00,,0,Outer sound
2013-04-09 12:00:00,,0,Outer sound
2013-04-16 12:00:00,,0,Outer sound
2013-04-23 12:00:00,,0,Outer sound
2013-04-30 12:00:00,,0,Outer sound
2013-05-07 12:00:00,,0,Outer sound
2013-05-14 12:00:00,,0,Outer sound
2013-05-21 12:00:00,,0,Outer sound
2013-05-28 12:00:00,,0,Outer sound
2013-06-04 12:00:00,,0,Outer sound
2013-06-11 12:00:00,0.48879683,52,Outer sound
2013-06-18 12:00:00,3.059092,832,Outer sound
2013-06-25 12:00:00,2.2424102,140,Outer sound
2013-07-02 12:00:00,0.6424136,915,Outer sound
2013-07-09 12:00:00,0.676297,1024,Outer sound
2013-07-16 12:00:00,1.0771192,821,Outer sound
2013-07-23 12:00:00,1.824182,706,Outer sound
2013-07-30 12:00:00,1.4379768,838,Outer sound
2013-08-06 12:00:00,0.74855554,392,Outer sound
2013-08-13 12:00:00,1.5977963,1025,Outer sound
2013-08-20 12:00:00,2.0019224,1017,Outer sound
2013-08-27 12:00:00,2.0937114,987,Outer sound
2013-09-03 12:00:00,1.8816774,737,Outer sound
2013-09-10 12:00:00,2.9300969,949,Outer sound
2013-09-17 12:00:00,2.6278691,955,Outer sound
2013-09-24 12:00:00,3.3733277,854,Outer sound
2013-10-01 12:00:00,,0,Outer sound
2013-10-08 12:00:00,,0,Outer sound
2013-10-15 12:00:00,,0,Outer sound
2013-10-22 12:00:00,,0,Outer sound
2013-10-29 12:00:00,,0,Outer sound
2013-11-05 12:00:00,,0,Outer sound
2013-11-12 12:00:00,,0,Outer sound
2013-11-19 12:00:00,,0,Outer sound
2013-11-26 12:00:00,,0,Outer sound
2013-12-03 12:00:00,,0,Outer sound
2013-12-10 12:00:00,,0,Outer sound
2013-12-17 12:00:00,,0,Outer sound
2013-12-24 12:00:00,,0,Outer sound
2014-01-01 12:00:00,,0,Outer sound
2014-01-08 12:00:00,,0,Outer sound
2014-01-15 12:00:00,,0,Outer sound
2014-01-22 12:00:00,,0,Outer sound
2014-01-29 12:00:00,,0,Outer sound
2014-02-05 12:00:00,,0,Outer sound
2014-02-12 12:00:00,,0,Outer sound
2014-02-19 12:00:00,,0,Outer sound
2014-02-26 12:00:00,,0,Outer sound
2014-03-05 12:00:00,,0,Outer sound
2014-03-12 12:00:00,,0,Outer sound
2014-03-19 12:00:00,,0,Outer sound
2014-03-26 12:00:00,,0,Outer sound
2014-04-02 12:00:00,,0,Outer sound
2014-04-09 12:00:00,,0,Outer sound
2014-04-16 12:00:00,,0,Outer sound
2014-04-23 12:00:00,,0,Outer sound
2014-04-30 12:00:00,,0,Outer sound
2014-05-07 12:00:00,,0,Outer sound
2014-05-14 12:00:00,,0,Outer sound
2014-05-21 12:00:00,,0,Outer sound
2014-05-28 12:00:00,,0,Outer sound
2014-06-04 12:00:00,2.3952348,279,Outer sound
2014-06-11 12:00:00,1.2183747,987,Outer sound
2014-06-18 12:00:00,0.98243135,985,Outer sound
2014-06-25 12:00:00,0.8817978,900,Outer sound
2014-07-02 12:00:00,0.9870206,1020,Outer sound
2014-07-09 12:00:00,1.0206326,997,Outer sound
2014-07-16 12:00:00,3.2189834,430,Outer sound
2014-07-23 12:00:00,2.3380919,987,Outer sound
2014-07-30 12:00:00,1.754104,1026,Outer sound
2014-08-06 12:00:00,1.6308327,1026,Outer sound
2014-08-13 12:00:00,1.2904847,908,Outer sound
2014-08-20 12:00:00,1.7968978,1015,Outer sound
2014-08-27 12:00:00,1.4929247,291,Outer sound
2014-09-03 12:00:00,3.2891295,1026,Outer sound
2014-09-10 12:00:00,2.0549545,926,Outer sound
2014-09-17 12:00:00,2.2775934,718,Outer sound
2014-09-24 12:00:00,2.6283422,531,Outer sound
2014-10-01 12:00:00,,0,Outer sound
2014-10-08 12:00:00,,0,Outer sound
2014-10-15 12:00:00,,0,Outer sound
2014-10-22 12:00:00,,0,Outer sound
2014-10-29 12:00:00,,0,Outer sound
2014-11-05 12:00:00,,0,Outer sound
2014-11-12 12:00:00,,0,Outer sound
2014-11-19 12:00:00,,0,Outer sound
2014-11-26 12:00:00,,0,Outer sound
2014-12-03 12:00:00,,0,Outer sound
2014-12-10 12:00:00,,0,Outer sound
2014-12-17 12:00:00,,0,Outer sound
2014-12-24 12:00:00,,0,Outer sound
2015-01-01 12:00:00,,0,Outer sound
2015-01-08 12:00:00,,0,Outer sound
2015-01-15 12:00:00,,0,Outer sound
2015-01-22 12:00:00,,0,Outer sound
2015-01-29 12:00:00,,0,Outer sound
2015-02-05 12:00:00,,0,Outer sound
2015-02-12 12:00:00,,0,Outer sound
2015-02-19 12:00:00,,0,Outer sound
2015-02-26 12:00:00,,0,Outer sound
2015-03-05 12:00:00,,0,Outer sound
2015-03-12 12:00:00,,0,Outer sound
2015-03-19 12:00:00,,0,Outer sound
2015-03-26 12:00:00,,0,Outer sound
2015-04-02 12:00:00,,0,Outer sound
2015-04-09 12:00:00,,0,Outer sound
2015-04-16 12:00:00,,0,Outer sound
2015-04-23 12:00:00,,0,Outer sound
2015-04-30 12:00:00,,0,Outer sound
2015-05-07 12:00:00,,0,Outer sound
2015-05-14 12:00:00,,0,Outer sound
2015-05-21 12:00:00,,0,Outer sound
2015-05-28 12:00:00,4.1420813,746,Outer sound
2015-06-04 12:00:00,4.0573454,881,Outer sound
2015-06-11 12:00:00,2.389459,1025,Outer sound
2015-06-18 12:00:00,1.3065727,1029,Outer sound
2015-06-25 12:00:00,1.1757278,286,Outer sound
2015-07-02 12:00:00,1.0764314,977,Outer sound
2015-07-09 12:00:00,1.2346389,759,Outer sound
2015-07-16 12:00:00,1.326598,1012,Outer sound
2015-07-23 12:00:00,1.8215138,1027,Outer sound
2015-07-30 12:00:00,1.9211229,979,Outer sound
2015-08-06 12:00:00,1.9823692,1017,Outer sound
2015-08-13 12:00:00,2.6323972,177,Outer sound
2015-08-20 12:00:00,1.3838265,357,Outer sound
2015-08-27 12:00:00,3.3382804,277,Outer sound
2015-09-03 12:00:00,3.1394475,810,Outer sound
2015-09-10 12:00:00,3.5816116,1018,Outer sound
2015-09-17 12:00:00,3.261243,933,Outer sound
2015-09-24 12:00:00,2.192602,203,Outer sound
2015-10-01 12:00:00,,0,Outer sound
2015-10-08 12:00:00,,0,Outer sound
2015-10-15 12:00:00,,0,Outer sound
2015-10-22 12:00:00,,0,Outer sound
2015-10-29 12:00:00,,0,Outer sound
2015-11-05 12:00:00,,0,Outer sound
2015-11-12 12:00:00,,0,Outer sound
2015-11-19 12:00:00,,0,Outer sound
2015-11-26 12:00:00,,0,Outer sound
2015-12-03 12:00:00,,0,Outer sound
2015-12-10 12:00:00,,0,Outer sound
2015-12-17 12:00:00,,0,Outer sound
2015-12-24 12:00:00,,0,Outer sound
2016-01-01 12:00:00,,0,Outer sound
2016-01-08 12:00:00,,0,Outer sound
2016-01-15 12:00:00,,0,Outer sound
2016-01-22 12:00:00,,0,Outer sound
2016-01-29 12:00:00,,0,Outer sound
2016-02-05 12:00:00,,0,Outer sound
2016-02-12 12:00:00,,0,Outer sound
2016-02-19 12:00:00,,0,Outer sound
2016-02-26 12:00:00,,0,Outer sound
2016-03-04 12:00:00,,0,Outer sound
2016-03-11 12:00:00,,0,Outer sound
2016-03-18 12:00:00,,0,Outer sound
2016-03-25 12:00:00,,0,Outer sound
2016-04-01 12:00:00,,0,Outer sound
2016-04-08 12:00:00,,0,Outer sound
2016-04-15 12:00:00,,0,Outer sound
2016-04-22 12:00:00,,0,Outer sound
2016-04-29 12:00:00,,0,Outer sound
2016-05-06 12:00:00,,0,Outer sound
2016-05-13 12:00:00,,0,Outer sound
2016-05-20 12:00:00,,0,Outer sound
2016-05-27 12:00:00,5.6225176,162,Outer sound
2016-06-03 12:00:00,1.801475,946,Outer sound
2016-06-10 12:00:00,1.143306,1016,Outer sound
2016-06-17 12:00:00,0.82848823,603,Outer sound
2016-06-24 12:00:00,0.7881303,1019,Outer sound
2016-07-01 12:00:00,0.94177675,1024,Outer sound
2016-07-08 12:00:00,0.8929022,985,Outer sound
2016-07-15 12:00:00,1.4457769,972,Outer sound
2016-07-22 12:00:00,1.4593323,1017,Outer sound
2016-07-29 12:00:00,1.8662871,1017,Outer sound
2016-08-05 12:00:00,1.2507172,965,Outer sound
2016-08-12 12:00:00,1.2835263,1011,Outer sound
2016-08-19 12:00:00,2.5825307,492,Outer sound
2016-08-26 12:00:00,2.2633,1023,Outer sound
2016-09-02 12:00:00,2.7037113,1019,Outer sound
2016-09-09 12:00:00,2.8563797,1015,Outer sound
2016-09-16 12:00:00,3.2077937,791,Outer sound
2016-09-23 12:00:00,2.3508775,997,Outer sound
2016-09-30 12:00:00,,0,Outer sound
2016-10-07 12:00:00,,0,Outer sound
2016-10-14 12:00:00,,0,Outer sound
2016-10-21 12:00:00,,0,Outer sound
2016-10-28 12:00:00,,0,Outer sound
2016-11-04 12:00:00,,0,Outer sound
2016-11-11 12:00:00,,0,Outer sound
2016-11-18 12:00:00,,0,Outer sound
2016-11-25 12:00:00,,0,Outer sound
2016-12-02 12:00:00,,0,Outer sound
2016-12-09 12:00:00,,0,Outer sound
2016-12-16 12:00:00,,0,Outer sound
2016-12-23 12:00:00,,0,Outer sound
2017-01-01 12:00:00,,0,Outer sound
2017-01-08 12:00:00,,0,Outer sound
2017-01-15 12:00:00,,0,Outer sound
2017-01-22 12:00:00,,0,Outer sound
2017-01-29 12:00:00,,0,Outer sound
2017-02-05 12:00:00,,0,Outer sound
2017-02-12 12:00:00,,0,Outer sound
2017-02-19 12:00:00,,0,Outer sound
2017-02-26 12:00:00,,0,Outer sound
2017-03-05 12:00:00,,0,Outer sound
2017-03-12 12:00:00,,0,Outer sound
2017-03-19 12:00:00,,0,Outer sound
2017-03-26 12:00:00,,0,Outer sound
2017-04-02 12:00:00,,0,Outer sound
2017-04-09 12:00:00,,0,Outer sound
2017-04-16 12:00:00,,0,Outer sound
2017-04-23 12:00:00,,0,Outer sound
2017-04-30 12:00:00,,0,Outer sound
2017-05-07 12:00:00,,0,Outer sound
2017-05-14 12:00:00,,0,Outer sound
2017-05-21 12:00:00,,0,Outer sound
2017-05-28 12:00:00,,0,Outer sound
2017-06-04 12:00:00,0.73233044,10,Outer sound
2017-06-11 12:00:00,1.2902039,845,Outer sound
2017-06-18 12:00:00,0.8614929,380,Outer sound
2017-06-25 12:00:00,1.2818868,630,Outer sound
2017-07-02 12:00:00,1.3709646,970,Outer sound
2017-07-09 12:00:00,1.2037556,1010,Outer sound
2017-07-16 12:00:00,0.9648169,704,Outer sound
2017-07-23 12:00:00,1.4608645,541,Outer sound
2017-07-30 12:00:00,1.4053533,1013,Outer sound
2017-08-06 12:00:00,1.027911,132,Outer sound
2017-08-13 12:00:00,3.334994,996,Outer sound
2017-08-20 12:00:00,3.203929,1015,Outer sound
2017-08-27 12:00:00,3.442125,1017,Outer sound
2017-09-03 12:00:00,2.584663,1016,Outer sound
2017-09-10 12:00:00,2.5793633,317,Outer sound
2017-09-17 12:00:00,3.9339294,1023,Outer sound
2017-09-24 12:00:00,4.11209,1015,Outer sound
2017-10-01 12:00:00,,0,Outer sound
2017-10-08 12:00:00,,0,Outer sound
2017-10-15 12:00:00,,0,Outer sound
2017-10-22 12:00:00,,0,Outer sound
2017-10-29 12:00:00,,0,Outer sound
2017-11-05 12:00:00,,0,Outer sound
2017-11-12 12:00:00,,0,Outer sound
2017-11-19 12:00:00,,0,Outer sound
2017-11-26 12:00:00,,0,Outer sound
2017-12-03 12:00:00,,0,Outer sound
2017-12-10 12:00:00,,0,Outer sound
2017-12-17 12:00:00,,0,Outer sound
2017-12-24 12:00:00,,0,Outer sound
2018-01-01 12:00:00,,0,Outer sound
2018-01-08 12:00:00,,0,Outer sound
2018-01-15 12:00:00,,0,Outer sound
2018-01-22 12:00:00,,0,Outer sound
2018-01-29 12:00:00,,0,Outer sound
2018-02-05 12:00:00,,0,Outer sound
2018-02-12 12:00:00,,0,Outer sound
2018-02-19 12:00:00,,0,Outer sound
2018-02-26 12:00:00,,0,Outer sound
2018-03-05 12:00:00,,0,Outer sound
2018-03-12 12:00:00,,0,Outer sound
2018-03-19 12:00:00,,0,Outer sound
2018-03-26 12:00:00,,0,Outer sound
2018-04-02 12:00:00,,0,Outer sound
2018-04-09 12:00:00,,0,Outer sound
2018-04-16 12:00:00,1.9447083,614,Outer sound
2018-04-23 12:00:00,2.2254605,549,Outer sound
2018-04-30 12:00:00,2.6659749,114,Outer sound
2018-05-07 12:00:00,2.24604,582,Outer sound
2018-05-14 12:00:00,1.2799134,888,Outer sound
2018-05-21 12:00:00,1.0696214,473,Outer sound
2018-05-28 12:00:00,1.374951,1012,Outer sound
2018-06-04 12:00:00,1.5114725,1024,Outer sound
2018-06-11 12:00:00,1.9246378,998,Outer sound
2018-06-18 12:00:00,1.5890207,1015,Outer sound
2018-06-25 12:00:00,1.7036872,1020,Outer sound
2018-07-02 12:00:00,1.342865,1011,Outer sound
2018-07-09 12:00:00,1.3947548,985,Outer sound
2018-07-16 12:00:00,2.0331283,191,Outer sound
2018-07-23 12:00:00,2.3742876,1009,Outer sound
2018-07-30 12:00:00,2.6472387,1013,Outer sound
2018-08-06 12:00:00,2.7704175,1012,Outer sound
2018-08-13 12:00:00,2.903126,1014,Outer sound
2018-08-20 12:00:00,1.3585883,403,Outer sound
2018-08-27 12:00:00,3.9482398,1015,Outer sound
2018-09-03 12:00:00,2.900674,1017,Outer sound
2018-09-10 12:00:00,2.3440127,900,Outer sound
2018-09-17 12:00:00,4.062578,1020,Outer sound
2018-09-24 12:00:00,2.6316223,1012,Outer sound
2018-10-01 12:00:00,,0,Outer sound
2018-10-08 12:00:00,,0,Outer sound
2018-10-15 12:00:00,,0,Outer sound
2018-10-22 12:00:00,,0,Outer sound
2018-10-29 12:00:00,,0,Outer sound
2018-11-05 12:00:00,,0,Outer sound
2018-11-12 12:00:00,,0,Outer sound
2018-11-19 12:00:00,,0,Outer sound
2018-11-26 12:00:00,,0,Outer sound
2018-12-03 12:00:00,,0,Outer sound
2018-12-10 12:00:00,,0,Outer sound
2018-12-17 12:00:00,,0,Outer sound
2018-12-24 12:00:00,,0,Outer sound
2019-01-01 12:00:00,,0,Outer sound
2019-01-08 12:00:00,,0,Outer sound
2019-01-15 12:00:00,,0,Outer sound
2019-01-22 12:00:00,,0,Outer sound
2019-01-29 12:00:00,,0,Outer sound
2019-02-05 12:00:00,,0,Outer sound
2019-02-12 12:00:00,,0,Outer sound
2019-02-19 12:00:00,,0,Outer sound
2019-02-26 12:00:00,,0,Outer sound
2019-03-05 12:00:00,,0,Outer sound
2019-03-12 12:00:00,,0,Outer sound
2019-03-19 12:00:00,,0,Outer sound
2019-03-26 12:00:00,,0,Outer sound
2019-04-02 12:00:00,,0,Outer sound
2019-04-09 12:00:00,,0,Outer sound
2019-04-16 12:00:00,,0,Outer sound
2019-04-23 12:00:00,,0,Outer sound
2019-04-30 12:00:00,3.2435193,527,Outer sound
2019-05-07 12:00:00,3.604751,910,Outer sound
2019-05-14 12:00:00,1.2182397,954,Outer sound
2019-05-21 12:00:00,1.0483711,568,Outer sound
2019-05-28 12:00:00,1.2639169,664,Outer sound
2019-06-04 12:00:00,1.8497937,1004,Outer sound
2019-06-11 12:00:00,2.236474,1016,Outer sound
2019-06-18 12:00:00,1.7615075,1014,Outer sound
2019-06-25 12:00:00,1.7843008,932,Outer sound
2019-07-02 12:00:00,2.521298,1012,Outer sound
2019-07-09 12:00:00,1.7571813,993,Outer sound
2019-07-16 12:00:00,2.3586853,987,Outer sound
2019-07-23 12:00:00,3.389489,993,Outer sound
2019-07-30 12:00:00,7.7963943,763,Outer sound
2019-08-06 12:00:00,5.7258835,416,Outer sound
2019-08-13 12:00:00,5.9923744,1020,Outer sound
2019-08-20 12:00:00,6.036012,1016,Outer sound
2019-08-27 12:00:00,1.8868513,395,Outer sound
2019-09-03 12:00:00,1.1413279,73,Outer sound
2019-09-10 12:00:00,3.0931973,1020,Outer sound
2019-09-17 12:00:00,3.4327538,1014,Outer sound
2019-09-24 12:00:00,1.9001408,822,Outer sound
2019-10-01 12:00:00,,0,Outer sound
2019-10-08 12:00:00,,0,Outer sound
2019-10-15 12:00:00,,0,Outer sound
2019-10-22 12:00:00,,0,Outer sound
2019-10-29 12:00:00,,0,Outer sound
2019-11-05 12:00:00,,0,Outer sound
2019-11-12 12:00:00,,0,Outer sound
2019-11-19 12:00:00,,0,Outer sound
2019-11-26 12:00:00,,0,Outer sound
2019-12-03 12:00:00,,0,Outer sound
2019-12-10 12:00:00,,0,Outer sound
2019-12-17 12:00:00,,0,Outer sound
2019-12-24 12:00:00,,0,Outer sound
2020-01-01 12:00:00,,0,Outer sound
2020-01-08 12:00:00,,0,Outer sound
2020-01-15 12:00:00,,0,Outer sound
2020-01-22 12:00:00,,0,Outer sound
2020-01-29 12:00:00,,0,Outer sound
2020-02-05 12:00:00,,0,Outer sound
2020-02-12 12:00:00,,0,Outer sound
2020-02-19 12:00:00,,0,Outer sound
2020-02-26 12:00:00,,0,Outer sound
2020-03-04 12:00:00,,0,Outer sound
2020-03-11 12:00:00,,0,Outer sound
2020-03-18 12:00:00,,0,Outer sound
2020-03-25 12:00:00,,0,Outer sound
2020-04-01 12:00:00,,0,Outer sound
2020-04-08 12:00:00,,0,Outer sound
2020-04-15 12:00:00,,0,Outer sound
2020-04-22 12:00:00,,0,Outer sound
2020-04-29 12:00:00,,0,Outer sound
2020-05-06 12:00:00,,0,Outer sound
2020-05-13 12:00:00,,0,Outer sound
2020-05-20 12:00:00,,0,Outer sound
2020-05-27 12:00:00,,4,Outer sound
2020-06-03 12:00:00,1.2994645,170,Outer sound
2020-06-10 12:00:00,1.3179295,945,Outer sound
2020-06-17 12:00:00,1.2946537,887,Outer sound
2020-06-24 12:00:00,4.2429233,44,Outer sound
2020-07-01 12:00:00,1.3624797,800,Outer sound
2020-07-08 12:00:00,1.1236681,719,Outer sound
2020-07-15 12:00:00,1.0921265,987,Outer sound
2020-07-22 12:00:00,2.0035295,803,Outer sound
2020-07-29 12:00:00,2.0776749,947,Outer sound
2020-08-05 12:00:00,1.1491995,910,Outer sound
2020-08-12 12:00:00,1.3022709,1024,Outer sound
2020-08-19 12:00:00,1.1650515,691,Outer sound
2020-08-26 12:00:00,1.5397737,1003,Outer sound
2020-09-02 12:00:00,1.4249692,934,Outer sound
2020-09-09 12:00:00,1.3050983,617,Outer sound
2020-09-16 12:00:00,1.112237,612,Outer sound
2020-09-23 12:00:00,1.8498315,990,Outer sound
2020-09-30 12:00:00,,0,Outer sound
2020-10-07 12:00:00,,0,Outer sound
2020-10-14 12:00:00,,0,Outer sound
2020-10-21 12:00:00,,0,Outer sound
2020-10-28 12:00:00,,0,Outer sound
2020-11-04 12:00:00,,0,Outer sound
2020-11-11 12:00:00,,0,Outer sound
2020-11-18 12:00:00,,0,Outer sound
2020-11-25 12:00:00,,0,Outer sound
2020-12-02 12:00:00,,0,Outer sound
2020-12-09 12:00:00,,0,Outer sound
2020-12-16 12:00:00,,0,Outer sound
2020-12-23 12:00:00,,0,Outer sound
2021-01-01 12:00:00,,0,Outer sound
2021-01-08 12:00:00,,0,Outer sound
2021-01-15 12:00:00,,0,Outer sound
2021-01-22 12:00:00,,0,Outer sound
2021-01-29 12:00:00,,0,Outer sound
2021-02-05 12:00:00,,0,Outer sound
2021-02-12 12:00:00,,0,Outer sound
2021-02-19 12:00:00,,0,Outer sound
2021-02-26 12:00:00,,0,Outer sound
2021-03-05 12:00:00,,0,Outer sound
2021-03-12 12:00:00,,0,Outer sound
2021-03-19 12:00:00,,0,Outer sound
2021-03-26 12:00:00,,0,Outer sound
2021-04-02 12:00:00,,0,Outer sound
2021-04-09 12:00:00,,0,Outer sound
2021-04-16 12:00:00,,0,Outer sound
2021-04-23 12:00:00,,0,Outer sound
2021-04-30 12:00:00,,0,Outer sound
2021-05-07 12:00:00,,0,Outer sound
2021-05-14 12:00:00,,1,Outer sound
2021-05-21 12:00:00,3.686213,18,Outer sound
2021-05-28 12:00:00,7.7278686,19,Outer sound
2021-06-04 12:00:00,8.516047,8,Outer sound
2021-06-11 12:00:00,8.7117605,34,Outer sound
2021-06-18 12:00:00,0.74920505,407,Outer sound
2021-06-25 12:00:00,0.64766294,387,Outer sound
2021-07-02 12:00:00,3.1909895,23,Outer sound
2021-07-09 12:00:00,1.1162734,814,Outer sound
2021-07-16 12:00:00,,7,Outer sound
2021-07-23 12:00:00,0.56274325,84,Outer sound
2021-07-30 12:00:00,1.9386169,1020,Outer sound
2021-08-06 12:00:00,2.5424187,1026,Outer sound
2021-08-13 12:00:00,3.1391907,777,Outer sound
2021-08-20 12:00:00,3.0380356,1017,Outer sound
2021-08-27 12:00:00,3.8531275,536,Outer sound
2021-09-03 12:00:00,2.2383626,299,Outer sound
2021-09-10 12:00:00,3.7691615,213,Outer sound
2021-09-17 12:00:00,1.4796559,950,Outer sound
2021-09-24 12:00:00,1.9215564,368,Outer sound
2021-10-01 12:00:00,,0,Outer sound
2021-10-08 12:00:00,,0,Outer sound
2021-10-15 12:00:00,,0,Outer sound
2021-10-22 12:00:00,,0,Outer sound
2021-10-29 12:00:00,,0,Outer sound
2021-11-05 12:00:00,,0,Outer sound
2021-11-12 12:00:00,,0,Outer sound
2021-11-19 12:00:00,,0,Outer sound
2021-11-26 12:00:00,,0,Outer sound
2021-12-03 12:00:00,,0,Outer sound
2021-12-10 12:00:00,,0,Outer sound
2021-12-17 12:00:00,,0,Outer sound
2021-12-24 12:00:00,,0,Outer sound
2022-01-03 12:00:00,,0,Outer sound
2022-01-08 12:00:00,,0,Outer sound
2022-01-15 12:00:00,,0,Outer sound
2022-01-22 12:00:00,,0,Outer sound
2022-01-29 12:00:00,,0,Outer sound
2022-02-05 12:00:00,,0,Outer sound
2022-02-12 12:00:00,,0,Outer sound
2022-02-19 12:00:00,,0,Outer sound
2022-02-26 12:00:00,,0,Outer sound
2022-03-05 12:00:00,,0,Outer sound
2022-03-12 12:00:00,,5,Outer sound
2022-03-19 12:00:00,,0,Outer sound
2022-03-26 12:00:00,,5,Outer sound
2022-04-02 12:00:00,,3,Outer sound
2022-04-09 12:00:00,,1,Outer sound
2022-04-16 12:00:00,,3,Outer sound
2022-04-23 12:00:00,,0,Outer sound
2022-04-30 12:00:00,,1,Outer sound
2022-05-07 12:00:00,,0,Outer sound
2022-05-14 12:00:00,,0,Outer sound
2022-05-21 12:00:00,,0,Outer sound
2022-05-28 12:00:00,,3,Outer sound
2022-06-04 12:00:00,7.3059783,15,Outer sound
2022-06-11 12:00:00,4.7611046,55,Outer sound
2022-06-18 12:00:00,4.7284584,54,Outer sound
2022-06-25 12:00:00,5.8652215,61,Outer sound
2022-07-02 12:00:00,1.2677565,783,Outer sound
2022-07-09 12:00:00,1.2097574,882,Outer sound
2022-07-16 12:00:00,1.646692,567,Outer sound
2022-07-23 12:00:00,1.7321615,209,Outer sound
2022-08-10 12:00:00,1.7964742,937,Outer sound
2022-08-13 12:00:00,2.9669867,953,Outer sound
2022-08-20 12:00:00,2.555233,1002,Outer sound
2022-08-27 12:00:00,1.9402661,652,Outer sound
2022-09-03 12:00:00,1.7820195,935,Outer sound
2022-09-10 12:00:00,1.4051268,988,Outer sound
2022-09-17 12:00:00,3.0781975,320,Outer sound
2022-09-24 12:00:00,3.0438604,995,Outer sound
2022-10-01 12:00:00,,0,Outer sound
2022-10-08 12:00:00,,0,Outer sound
2022-10-15 12:00:00,,0,Outer sound
2022-10-22 12:00:00,,0,Outer sound
2022-10-29 12:00:00,,0,Outer sound
2022-11-05 12:00:00,,0,Outer sound
2022-11-12 12:00:00,,0,Outer sound
2022-11-19 12:00:00,,0,Outer sound
2022-11-26 12:00:00,,0,Outer sound
2022-12-03 12:00:00,,0,Outer sound
2022-12-10 12:00:00,,0,Outer sound
2022-12-17 12:00:00,,0,Outer sound
2022-12-24 12:00:00,,0,Outer sound
2023-01-01 12:00:00,,0,Outer sound
2023-01-08 12:00:00,,0,Outer sound
2023-01-15 12:00:00,,0,Outer sound
2023-01-22 12:00:00,,0,Outer sound
2023-01-29 12:00:00,,0,Outer sound
2023-02-05 12:00:00,,0,Outer sound
2023-02-12 12:00:00,,0,Outer sound
2023-02-19 12:00:00,,0,Outer sound
2023-02-26 12:00:00,,0,Outer sound
2023-03-05 12:00:00,,0,Outer sound
2023-03-12 12:00:00,0.43482333,16,Outer sound
2023-03-19 12:00:00,,0,Outer sound
2023-03-26 12:00:00,0.5725582,12,Outer sound
2023-04-02 12:00:00,,0,Outer sound
2023-04-09 12:00:00,,0,Outer sound
2023-04-16 12:00:00,0.23102927,9,Outer sound
2023-04-23 12:00:00,0.3567857,14,Outer sound
2023-04-30 12:00:00,,0,Outer sound
2023-05-07 12:00:00,,0,Outer sound
2023-05-14 12:00:00,0.46968982,30,Outer sound
2023-05-21 12:00:00,0.8968271,9,Outer sound
2023-05-28 12:00:00,,1,Outer sound
2023-06-04 12:00:00,5.812489,42,Outer sound
2023-06-11 12:00:00,7.3662667,106,Outer sound
2023-06-18 12:00:00,1.117257,618,Outer sound
2023-06-25 12:00:00,1.6999651,843,Outer sound
2023-07-09 12:00:00,0.6422486,455,Outer sound
2023-07-16 12:00:00,0.95438385,733,Outer sound
2023-07-23 12:00:00,1.064604,810,Outer sound
2023-07-30 12:00:00,0.73628783,700,Outer sound
2023-08-01 12:00:00,1.3607997,997,Outer sound
2023-08-06 12:00:00,0.9859854,876,Outer sound
2023-08-13 12:00:00,1.5402769,972,Outer sound
2023-08-27 12:00:00,2.4913142,923,Outer sound
2023-09-03 12:00:00,4.837688,895,Outer sound
2023-10-22 12:00:00,,0,Outer sound
2023-10-29 12:00:00,,0,Outer sound
2023-11-05 12:00:00,,0,Outer sound
2023-11-12 12:00:00,,0,Outer sound
2023-11-19 12:00:00,,0,Outer sound
2023-11-26 12:00:00,,0,Outer sound
2023-12-03 12:00:00,,0,Outer sound
2023-12-10 12:00:00,,0,Outer sound
2023-12-17 12:00:00,,0,Outer sound
2023-12-24 12:00:00,,0,Outer sound
2024-01-01 12:00:00,,0,Outer sound
2024-01-08 12:00:00,,0,Outer sound
2024-01-15 12:00:00,,0,Outer sound
2024-01-22 12:00:00,,0,Outer sound
2024-01-29 12:00:00,,0,Outer sound
2024-02-05 12:00:00,,0,Outer sound
2024-02-12 12:00:00,,0,Outer sound
2024-02-19 12:00:00,,0,Outer sound
2024-02-26 12:00:00,,0,Outer sound
2024-03-04 12:00:00,,0,Outer sound
2024-03-11 12:00:00,,0,Outer sound
2024-03-18 12:00:00,0.353347,9,Outer sound
2024-03-25 12:00:00,,0,Outer sound
2024-04-01 12:00:00,,2,Outer sound
2024-04-08 12:00:00,,0,Outer sound
2024-04-15 12:00:00,,0,Outer sound
2024-04-22 12:00:00,,0,Outer sound
2024-04-29 12:00:00,,2,Outer sound
2024-05-06 12:00:00,,0,Outer sound
2024-05-13 12:00:00,,7,Outer sound
2024-05-20 12:00:00,1.2299443,41,Outer sound
2024-05-27 12:00:00,4.0680056,74,Outer sound
2024-06-03 12:00:00,7.1985617,66,Outer sound
2024-06-10 12:00:00,9.212207,49,Outer sound
2024-06-17 12:00:00,5.138324,62,Outer sound
2024-06-24 12:00:00,1.2107021,151,Outer sound
2024-07-01 12:00:00,0.85656744,420,Outer sound
2024-07-08 12:00:00,1.361419,363,Outer sound
2024-07-15 12:00:00,1.035717,857,Outer sound
2024-07-22 12:00:00,1.0834616,850,Outer sound
2024-07-29 12:00:00,1.5188888,528,Outer sound
2024-08-05 12:00:00,1.1342704,878,Outer sound
2024-08-12 12:00:00,1.4152415,880,Outer sound
2024-08-19 12:00:00,2.1132407,766,Outer sound
2024-08-26 12:00:00,3.7708054,1024,Outer sound
2024-09-02 12:00:00,0.55290455,59,Outer sound
2024-09-09 12:00:00,1.6332278,518,Outer sound
2024-09-16 12:00:00,2.639179,1027,Outer sound
2024-09-23 12:00:00,3.0370872,1013,Outer sound
2024-09-30 12:00:00,,0,Outer sound
2024-10-07 12:00:00,,0,Outer sound
2024-10-14 12:00:00,,0,Outer sound
2024-10-21 12:00:00,,0,Outer sound
2024-10-30 12:00:00,,0,Outer sound
2024-11-04 12:00:00,,0,Outer sound
2024-11-11 12:00:00,,0,Outer sound
2024-11-18 12:00:00,,0,Outer sound
2024-11-25 12:00:00,,0,Outer sound
2024-12-02 12:00:00,,0,Outer sound
2024-12-09 12:00:00,,0,Outer sound
2024-12-19 12:00:00,,0,Outer sound
2024-12-23 12:00:00,,0,Outer sound
2024-12-30 12:00:00,,0,Outer sound
2025-01-01 12:00:00,,0,Outer sound
2025-01-08 12:00:00,,0,Outer sound
2025-01-15 12:00:00,,0,Outer sound
2025-01-22 12:00:00,,0,Outer sound
2025-01-29 12:00:00,,0,Outer sound
2025-02-05 12:00:00,,0,Outer sound
2025-02-12 12:00:00,,0,Outer sound
2025-02-19 12:00:00,,0,Outer sound
2025-02-26 12:00:00,,0,Outer sound
2025-03-05 12:00:00,,0,Outer sound
2025-03-12 12:00:00,,0,Outer sound
2025-03-19 12:00:00,,0,Outer sound
2025-03-26 12:00:00,,0,Outer sound
2025-04-02 12:00:00,,0,Outer sound
2025-04-09 12:00:00,,0,Outer sound
2025-04-16 12:00:00,,0,Outer sound
2025-04-23 12:00:00,,0,Outer sound
2025-04-30 12:00:00,,0,Outer sound
2025-05-07 12:00:00,,0,Outer sound
2025-05-14 12:00:00,,0,Outer sound
2025-06-25 12:00:00,0.7553363,640,Outer sound
2025-07-02 12:00:00,0.9718894,1030,Outer sound
2025-07-09 12:00:00,1.6421663,1032,Outer sound
2025-07-16 12:00:00,1.170773,956,Outer sound
2025-07-23 12:00:00,1.4222155,941,Outer sound
2025-07-30 12:00:00,1.7531955,1032,Outer sound
2025-08-06 12:00:00,1.7035376,345,Outer sound
2025-08-13 12:00:00,3.2733922,1013,Outer sound
2025-08-20 12:00:00,2.7233784,960,Outer sound
2025-08-27 12:00:00,2.4838953,729,Outer sound
2025-09-03 12:00:00,3.2824306,1032,Outer sound
2025-09-10 12:00:00,3.0029345,1033,Outer sound
2025-09-17 12:00:00,2.9773774,1032,Outer sound
2025-09-24 12:00:00,3.31412,993,Outer sound
2025-10-01 12:00:00,,0,Outer sound
2025-10-08 12:00:00,,0,Outer sound
2025-10-15 12:00:00,,0,Outer sound
2025-10-22 12:00:00,,0,Outer sound
2025-10-29 12:00:00,,0,Outer sound
2025-11-05 12:00:00,,0,Outer sound
2025-11-12 12:00:00,,0,Outer sound
2025-11-19 12:00:00,,0,Outer sound
2025-11-26 12:00:00,,0,Outer sound
2025-12-03 12:00:00,,0,Outer sound
2025-12-10 12:00:00,,0,Outer sound
2025-12-17 12:00:00,,0,Outer sound
2025-12-24 12:00:00,,0,Outer sound
2025-12-31 12:00:00,,0,Outer sound
2026-01-01 12:00:00,,0,Outer sound
2026-01-08 12:00:00,,0,Outer sound
2026-01-15 12:00:00,,0,Outer sound
2026-01-29 12:00:00,,0,Outer sound
2026-02-05 12:00:00,,0,Outer sound
2026-02-12 12:00:00,,0,Outer sound
2026-02-19 12:00:00,,0,Outer sound
2026-02-26 12:00:00,,0,Outer sound
2026-03-05 12:00:00,,0,Outer sound
2026-03-12 12:00:00,,0,Outer sound
2026-03-19 12:00:00,,0,Outer sound
2026-03-26 12:00:00,,0,Outer sound
2026-04-02 12:00:00,,0,Outer sound
2026-04-10 12:00:00,,0,Outer sound
2026-04-16 12:00:00,,0,Outer sound
2026-04-23 12:00:00,,0,Outer sound
2026-04-30 12:00:00,,7,Outer sound
2026-05-07 12:00:00,,4,Outer sound
2026-05-14 12:00:00,0.7031303,17,Outer sound
2026-05-21 12:00:00,8.407282,31,Outer sound
2026-05-28 12:00:00,8.210991,40,Outer sound
2026-06-04 12:00:00,5.2611794,69,Outer sound
2026-06-11 12:00:00,7.692808,50,Outer sound
2026-06-18 12:00:00,3.4928606,107,Outer sound
2026-06-25 12:00:00,0.8172055,440,Outer sound
2026-07-02 12:00:00,0.9482569,1029,Outer sound
2026-07-09 12:00:00,0.67583746,710,Outer sound
2026-07-16 12:00:00,0.9589074,489,Outer sound
2026-07-23 12:00:00,1.3333192,1022,Outer sound
2026-07-30 12:00:00,1.507482,893,Outer sound
2026-08-06 12:00:00,1.2330291,1025,Outer sound
