reach_id,x,y,x_min,x_max,y_min,y_max,reach_length,n_nodes,wse,width,slope,facc,dist_out,type,lakeflag,swot_obs,n_chan_max,n_chan_mod,max_width,low_slope_flag,stream_order,main_path_id,is_mainstem,path_order,end_reach,n_rch_up,n_rch_down,river_name,river,dist_out_km
81310600126,-160.20736945651137,65.78807381321921,-160.20931406355578,-160.20542445271602,65.78759698191715,65.78854294236008,214.20730496904218,1,25.600000381469727,63.0,2.887700387542841e-15,3896.883413665511,128057.94412045651,6,0,4,1,1,90.0,0,-9999,7000958,0,-9999,1,0,1,NODATA,Buckland,128.0579441204565
81310600111,-160.24270590308714,65.79750793498503,-160.27508612288906,-160.20996693333066,65.77662138784478,65.81636431371042,10497.487900215152,53,25.600000381469727,42.0,0.24686841908157417,4178.920684159434,127843.73681548773,1,0,5,2,1,330.0,0,1,7000958,1,3951,0,1,1,NODATA,Buckland,127.84373681548773
81310600101,-160.35030327082316,65.82261938854273,-160.423937289145,-160.26075986869714,65.81328281820447,65.85100617953431,14082.025677548902,70,19.700000762939453,42.0,0.32574202347521675,4550.857334623295,117346.2489152701,1,0,5,2,1,330.0,0,1,7000958,1,3742,0,1,1,NODATA,Buckland,117.3462489152701
81310600091,-160.54091025352656,65.85480202450775,-160.57046162503286,-160.42408358255224,65.83053925149402,65.87300078336504,15207.317125505027,76,8.5,45.0,0.6251279986273678,4950.116345666254,103264.22323771649,1,0,5,2,1,240.0,0,1,7000958,1,3427,0,1,1,NODATA,Buckland,103.2642232377165
81310600081,-160.65812476069874,65.82467802313006,-160.80958194987795,-160.55809502089974,65.8173253190662,65.83614892161997,15843.256095320326,79,6.200000286102295,57.0,0.19234307975412843,5382.867282580368,88056.90611219831,1,0,5,1,1,150.0,0,1,7000958,1,3007,0,1,1,NODATA,Buckland,88.0569061121983
81310600071,-160.897881944497,65.82360800214063,-160.9581601917793,-160.81023798822864,65.81116388708371,65.84268836719784,10358.637277233533,52,6.200000286102295,60.0,3.8350748929180505e-16,5651.684056019888,72213.6500168792,1,0,5,1,1,180.0,0,1,7000958,1,2526,0,1,1,NODATA,Buckland,72.2136500168792
81310600061,-160.9991689850863,65.87090504889805,-161.01315487423489,-160.9395501497633,65.84295568521567,65.91104822460625,10357.705287116043,52,6.200000286102295,63.0,6.585408141599515e-16,5924.907661810876,61855.01273965359,1,0,4,2,1,420.0,0,1,7000958,1,2207,0,1,1,NODATA,Buckland,61.85501273965359
81310600051,-161.12300365162903,65.9582286142922,-161.18710728853443,-161.00710569173307,65.91114721478749,66.01402917464071,19768.22467740278,99,1.4750000834465031,94.0,0.2604732815188888,6443.151146343459,51497.307452525274,1,0,4,2,1,636.0,0,1,7000958,1,1832,0,1,1,NODATA,Buckland,51.49730745252528
81310600041,-161.14896295982606,66.051117812819,-161.17338398298935,-161.13705112046398,66.01429626471683,66.08731483504508,10429.603288480033,52,0.0,298.0,0.004743162801437744,6726.069783307676,31729.082775121504,1,0,4,1,1,648.0,0,1,7000958,1,1091,0,1,1,NODATA,Buckland,31.729082775121505
81310600033,-161.1828805309983,66.09662670457224,-161.19209113302946,-161.16932705772575,66.08735931210397,66.10696693513509,3250.0876493573724,16,0.0,405.0,0.0,6809.799597985559,21299.479486635726,3,3,3,3,1,1015.0,0,1,7000958,1,708,0,1,1,NODATA,Buckland,21.299479486635725
81310600021,-161.1589422392451,66.1098015605666,-161.16867754261966,-161.14921078356008,66.10713761937134,66.11252584077316,1068.5561529128497,5,0.0,482.0,0.0,6837.121958564658,18049.391837282215,1,0,3,3,2,1680.0,0,1,7000958,1,535,0,1,1,NODATA,Buckland,18.049391837282215
81310600013,-161.10793625482907,66.11859318606817,-161.1485655421061,-161.07822101696988,66.11275023203959,66.13137604967798,4365.961047842265,22,0.0,840.0,0.0,6955.225065583988,16980.835684369886,1,0,4,4,2,2835.0,0,1,7000958,1,488,0,1,1,NODATA,Buckland,16.980835684369886
81310700031,-161.06178861486939,66.15623314627787,-161.0778446635897,-161.04990770833408,66.13165037080829,66.18075910417181,5698.826229296259,28,0.0,1254.5,0.0,7115.633763177407,12614.874636529516,1,0,4,5,2,4002.0,0,1,7000958,1,349,0,1,1,NODATA,Buckland,12.614874636529516
81310700023,-161.03672938974688,66.20826062296544,-161.04953032164866,-160.99330032860396,66.18103335741138,66.23319424729125,6752.384343118194,34,0.0,3090.0,0.0,7294.551156646989,6916.048407235603,3,3,4,6,1,5070.0,0,1,7000958,1,137,0,1,1,NODATA,Buckland,6.916048407235603
81310700016,-160.99096269979867,66.23317041624354,-160.99263364661877,-160.98927903682844,66.23297662303642,66.23323704889235,163.66406412743643,1,0.0,576.0,0.0,7299.83935546875,163.66406412795862,6,3,3,2,2,3181.0,0,-9999,7000958,0,-9999,2,1,0,NODATA,Buckland,0.16366406412795861
81320100125,-160.89899308178104,66.9205058618977,-160.99285246206134,-160.78522082968055,66.90338782729026,66.93397647050944,13988.712010119478,70,4.0,150.0,0.4396694022929817,7974.8384,65176.12385286252,5,3,6,3,1,6788.0,0,4,7001381,1,46,0,1,1,NODATA,HothamInletChannel,65.17612385286252
81320100135,-161.02737349725115,66.91685487458511,-161.1003807130761,-160.98953100087937,66.90060390043514,66.93323285984297,10708.704665011424,54,4.400000095367432,148.0,0.11195045220049074,7974.8384,51187.41184275296,5,3,6,1,1,999.0,0,4,7001381,1,36,0,1,1,NODATA,HothamInletChannel,51.18741184275296
81330000095,-161.1898975563031,66.8834091477048,-161.28516812977955,-161.10107012159318,66.87214582048576,66.90472986910615,10730.510413537586,54,3.200000047683716,213.5,0.007856614094018994,7974.8384,40478.707177744815,5,3,5,2,1,1090.0,0,4,7001381,1,28,0,1,1,NODATA,HothamInletChannel,40.478707177744816
81330000105,-161.39662743165138,66.88406764834366,-161.477700883302,-161.28587263162032,66.85808435608344,66.89167327376862,10707.059185957896,54,2.200000047683716,170.0,0.2253432777356774,7974.8384,29748.196764209162,5,3,4,2,1,1020.0,0,4,7001381,1,20,0,1,1,NODATA,HothamInletChannel,29.748196764209162
81330000115,-161.56082362091502,66.83868998798604,-161.66602379999898,-161.47188301813347,66.80107968979338,66.86494674460873,18850.051709006293,94,1.300000071525574,108.0,0.775725725272641,7974.8384,19041.137578248163,5,3,4,1,1,1081.0,0,4,7001381,1,12,0,1,1,NODATA,HothamInletChannel,19.04113757824816
81330000126,-161.66847105148867,66.80352677723441,-161.670517819924,-161.66655172771735,66.80342726533891,66.80368456938413,191.08586924287144,1,139.75,129.0,479.84426296254054,7974.8384,191.08586924245873,6,3,3,1,1,678.0,0,-9999,7001381,0,-9999,2,1,0,NODATA,HothamInletChannel,0.19108586924245874
81320900061,-154.63978342410914,66.85880690495264,-154.69878490262326,-154.54621912878093,66.81173258526064,66.90951091340459,18060.17017339992,90,166.1999969482422,84.0,0.8404552879087194,1977.3136979297267,533878.3045756449,1,0,5,2,1,362.0,0,1,7000490,1,9124,0,1,1,Kobuk River,Kobuk,533.8783045756448
81320900051,-154.79529871863392,66.79636023823821,-154.96744339626835,-154.69917576826984,66.78432784008183,66.81700588201618,18501.577072679258,92,142.5,75.0,1.502510709420994,2182.677734375,515818.1344022488,1,0,5,4,1,480.0,0,1,7000490,1,8969,0,1,1,Kobuk River,Kobuk,515.8181344022488
81320900041,-155.06371833450268,66.80928129012305,-155.14462498432778,-154.96885150265035,66.79801214332885,66.81844724351933,11847.503790080045,59,121.0,77.0,1.2559176546186575,4244.522611374021,497316.5573295737,1,0,5,2,1,509.0,0,2,7000490,1,2286,3,2,1,Kobuk River,Kobuk,497.31655732957375
81320900031,-155.24099447015806,66.76695490436087,-155.39410021992296,-155.1182629903982,66.74330739653921,66.79850039917447,17305.360403686722,87,106.30000305175781,123.0,0.7066779196393803,4507.903712977317,485469.0535394961,1,0,6,2,1,823.0,0,2,7000490,1,2259,0,1,1,Kobuk River,Kobuk,485.4690535394961
81320900021,-155.5537638295493,66.75983765771433,-155.7166440105494,-155.39453465398105,66.74681672869892,66.77607288727498,19522.09072123281,98,92.4000015258789,95.0,0.8061143199507104,4798.069333387729,468163.6931358033,1,0,5,2,1,510.0,0,2,7000490,1,2215,0,1,1,Kobuk River,Kobuk,468.16369313580327
81320900011,-155.85437291727277,66.77454542751289,-155.99969333382296,-155.71733689460478,66.7636455640152,66.77878404079624,14175.237446353429,71,81.57500076293945,121.0,0.8010980514432737,5016.313560704961,448641.60241456993,1,0,6,3,1,690.0,0,2,7000490,1,2167,0,1,1,Kobuk River,Kobuk,448.64160241456995
81320700141,-156.05704426072606,66.78657032139034,-156.12545701765066,-156.00023777854295,66.76301780029196,66.82127468915692,10202.390093166587,51,64.30000305175781,138.0,0.586328843518997,7464.3232421875,434466.36496821564,1,0,4,4,1,300.0,0,2,7000490,1,2129,0,1,1,Kobuk River,Kobuk,434.46636496821566
81320700131,-156.2248760973039,66.84186765087772,-156.30950104815238,-156.12612029416707,66.82144836293422,66.85721036500246,10139.487670873139,51,59.150001525878906,123.0,0.560247926102524,7566.0166015625,424263.9748750495,1,0,5,2,1,488.0,0,2,7000490,1,2105,0,1,1,Kobuk River,Kobuk,424.2639748750495
81320700121,-156.39847309616687,66.85695454136923,-156.4672022406041,-156.31021383679825,66.84592817670239,66.8705905754321,10430.256094203452,52,52.32499885559082,148.0,0.880929898791103,9306.464661849517,414124.48720418656,1,0,4,4,1,1800.0,0,2,7000490,1,1044,3,2,1,Kobuk River,Kobuk,414.12448720418655
81320700111,-156.53030382345096,66.87803835618683,-156.62736153811807,-156.46402652007998,66.85519198389028,66.88363361214061,10396.994899890082,52,47.0,127.0,0.45300059426950234,9481.673324336105,403694.23110998556,1,0,5,5,1,2010.0,0,2,7000490,1,1029,0,1,1,Kobuk River,Kobuk,403.69423110998554
81320700101,-156.7312353161131,66.8759795441694,-156.82546396372226,-156.62805611727038,66.86065622078681,66.89040708103715,17698.204696491306,88,41.79999923706055,101.0,0.17126491634881902,9779.6396484375,393297.2362100886,1,0,5,3,1,2010.0,0,2,7000490,1,1015,0,1,1,Kobuk River,Kobuk,393.2972362100886
81320700091,-156.89159139692777,66.90067497965603,-156.99092041995823,-156.81915559334251,66.86333019806953,66.917869302281,15830.01433627284,79,37.70000076293945,169.0,0.2832729232802557,11168.331,375599.0315135959,1,0,5,2,1,711.0,0,2,7000490,1,565,3,2,1,NODATA,Kobuk,375.5990315135959
81320700081,-157.06949160627946,66.89038729054593,-157.14500174286144,-156.99160504899623,66.87189639244309,66.90348227193093,10374.869643731226,52,33.900001525878906,190.0,0.5361276084633244,11421.1546,359769.0171773269,1,0,5,6,1,1680.0,0,2,7000490,1,553,0,1,1,NODATA,Kobuk,359.7690171773269
81320700071,-157.2289989451753,66.8682085433118,-157.37904794799104,-157.14543255884502,66.8411231904189,66.8868072895234,18514.374972342954,93,31.700000762939453,202.0,0.003990295612620475,11878.2134,349394.1475335943,1,0,5,3,1,1348.0,0,2,7000490,1,543,0,1,1,NODATA,Kobuk,349.39414753359426
81320700061,-157.38232165200344,66.9017610734348,-157.43000994912688,-157.33121426233146,66.8685515854516,66.91404092252532,12621.070279141795,63,31.30000114440918,237.0,0.05591050368477675,12185.3899,330879.7725612513,1,0,5,2,1,636.0,0,2,7000490,1,529,0,1,1,NODATA,Kobuk,330.8797725612513
81320700051,-157.47684002804428,66.92395823335764,-157.54437222356725,-157.42266620286438,66.91292917650414,66.93970362532602,10743.867006470657,54,28.5,225.0,0.11983261566746284,12455.5075,318258.70228211023,1,0,4,2,1,424.0,0,2,7000490,1,516,0,1,1,NODATA,Kobuk,318.2587022821102
81320700041,-157.55240001050564,66.94833714638851,-157.5810934810651,-157.52383935656312,66.91093782076805,66.97437478088594,10762.187523808414,54,27.399999618530273,233.0,0.18127846891706514,12728.9193,307514.8352756426,1,0,4,2,1,432.0,0,2,7000490,1,503,0,1,1,NODATA,Kobuk,307.51483527564255
81320700031,-157.63206669827582,66.9965946877043,-157.66128629338073,-157.5816274400813,66.9710367242574,67.01550462269756,10715.757605180375,54,25.600000381469727,251.5,0.03231132963565586,12990.8017,296752.64775183523,1,0,4,2,1,483.0,0,2,7000490,1,488,0,1,1,NODATA,Kobuk,296.75264775183524
81320700021,-157.71675969408608,67.01680569167995,-157.79155113275124,-157.6606542541583,66.99518258507226,67.02820841840183,10759.851087068697,54,24.399999618530273,235.0,0.11918934413005303,13263.3899,286036.890146648,1,0,5,2,1,593.0,0,2,7000490,1,478,0,1,1,NODATA,Kobuk,286.036890146648
81320700011,-157.7903729595317,67.06156664248665,-157.8410062617653,-157.76374302093998,67.0248373978916,67.08810037024546,12697.21856773956,63,24.100000381469727,218.0,0.21650631116877855,13573.8605,275277.0390595807,1,0,5,3,1,558.0,0,2,7000490,1,471,0,1,1,NODATA,Kobuk,275.2770390595807
81320500081,-157.93076699319207,67.06267836942743,-158.04071276181708,-157.8416966501329,67.05400770917832,67.08792711118363,10746.41345807228,54,20.700000762939453,342.0,0.09203176624042071,16607.2304,262579.82049183105,1,0,5,3,1,569.0,0,3,7000490,1,306,3,2,1,NODATA,Kobuk,262.5798204918311
81320500071,-158.15809085415145,67.06953512817933,-158.20628665379934,-158.0414026120387,67.0666016546005,67.11044390478256,12251.655347958016,61,15.600000381469727,365.0,0.38858087652177714,16744.1436,251833.40703376033,1,0,6,2,1,636.0,0,3,7000490,1,294,0,1,1,NODATA,Kobuk,251.83340703376032
81320500061,-158.3324522307218,67.1108106888802,-158.38717709576923,-158.20697599683677,67.0906804011081,67.13097636233938,15195.531952104584,76,15.600000381469727,354.0,1.5326694672757418e-16,16903.5779,239581.75168579238,1,0,6,2,1,898.0,0,3,7000490,1,282,0,1,1,NODATA,Kobuk,239.58175168579237
81320500051,-158.4439529521177,67.17071740996201,-158.5905191989485,-158.31566085092498,67.12914264673893,67.19655394236395,15088.995839878671,75,10.800000190734863,381.0,0.9480373068145839,19871.4338,224386.21973368974,1,0,4,3,1,1056.0,0,3,7000490,1,273,0,1,1,NODATA,Kobuk,224.38621973368973
81320500041,-158.7784019635772,67.17397998272313,-158.95201416106354,-158.59121282052547,67.14303326299971,67.19851765769994,18285.581526665464,92,4.300000190734863,354.0,4.228929842562519e-16,21692.0505,209297.22389381376,1,0,6,2,1,750.0,0,3,7000490,1,107,3,2,1,NODATA,Kobuk,209.29722389381377
81320500031,-159.04626273345175,67.14206273753987,-159.08838486105893,-158.952706474786,67.12440863941227,67.17122033654012,11043.30545658652,55,4.300000190734863,381.0,2.6767969783179973e-16,21692.0505,191011.64236713733,1,0,5,2,1,577.0,0,3,7000490,1,104,0,1,1,NODATA,Kobuk,191.01164236713734
81320500021,-159.22650875986693,67.1825075783347,-159.3713306091908,-159.0852752598947,67.17148936995602,67.18954230801315,13798.292449946046,69,4.300000190734863,411.0,4.47525585802928e-17,21692.0505,179968.3369105392,1,0,5,3,1,960.0,0,3,7000490,1,95,0,1,1,NODATA,Kobuk,179.9683369105392
81320500011,-159.4117784488202,67.16653109204056,-159.4553612733228,-159.37201550598962,67.15283374401307,67.18130599514222,4971.018114365095,25,4.300000190734863,438.0,9.464275501788337e-16,22949.4607,166170.04446058813,1,0,6,2,1,632.0,0,3,7000490,1,80,3,2,1,NODATA,Kobuk,166.17004446058814
81320300051,-159.56360156200296,67.14468459077175,-159.64754854771985,-159.45604855683783,67.12135810815631,67.15256267199257,11329.116650771664,57,4.300000190734863,330.5,0.18396341861852286,25518.8485,161199.02634621985,1,0,6,4,1,2101.0,0,3,7000490,1,50,3,2,1,NODATA,Kobuk,161.19902634621985
81320300041,-159.66818761818993,67.10379869607337,-159.75914690403357,-159.6277699121963,67.09540557790754,67.12579515189921,11254.331469315674,56,1.899999976158142,298.0,0.18446125830398394,25688.93,149869.90969544247,1,0,4,3,1,912.0,0,3,7000490,1,42,0,1,1,NODATA,Kobuk,149.8699096954425
81320300031,-159.83798493297087,67.0448190054881,-159.93819090480187,-159.75983104755636,66.99769977154415,67.10269637069587,15120.601741252794,76,0.0,334.5,0.0,25917.3978,138615.57822612964,1,0,5,2,1,1152.0,0,3,7000490,1,36,0,1,1,NODATA,Kobuk,138.61557822612963
81320300021,-160.05622209692217,66.98706910821528,-160.17261403762836,-159.93887670714724,66.96492297189819,66.99916991890649,11517.280134613626,58,0.0,509.0,0.0,26094.0796,123494.97648488358,1,0,5,3,1,975.0,0,3,7000490,1,30,0,1,1,NODATA,Kobuk,123.49497648488358
81320300011,-160.29778040190644,66.95407168640527,-160.42289639306767,-160.17329576024278,66.95059376916375,66.96481027899813,11468.27630868199,57,0.0,716.0,0.0,26279.3923,111977.69635027614,1,0,6,4,3,5420.0,0,3,7000490,1,27,0,1,1,NODATA,Kobuk,111.97769635027613
81320100113,-160.4466503283005,66.94916258182077,-160.468902286817,-160.42359866966154,66.94404881838081,66.9560358258016,2545.603143756212,13,0.0,600.0,0.0,31314.5319,100509.42004159781,1,0,6,3,2,5420.0,0,4,7000490,1,70,3,2,1,NODATA,Kobuk,100.5094200415978
81320100101,-160.5053956397668,66.9379196982149,-160.5315284558789,-160.46958851876892,66.92445291038149,66.94427970593938,3771.7507586558568,19,0.0,503.0,0.0,31314.5319,97963.81689784469,1,0,5,4,1,4295.0,0,4,7000490,1,69,0,1,1,NODATA,Kobuk,97.9638168978447
81320100091,-160.55621633072894,66.91892111704665,-160.58019210419926,-160.53220061953684,66.91310064473649,66.92423107599771,2464.0751385811923,12,0.0,664.5,0.0,31314.5319,94192.06613918804,1,0,4,3,2,1602.0,0,4,7000490,1,66,0,1,1,NODATA,Kobuk,94.19206613918804
81320100083,-160.5976861701076,66.90797624263627,-160.61461730103994,-160.58086699247926,66.90478594622009,66.91293240814063,1786.5110890571045,9,0.0,969.0,0.0,31314.5319,91727.99100060949,3,3,4,4,2,3216.0,0,4,7000490,1,64,0,1,1,NODATA,Kobuk,91.72799100060949
81320100071,-160.62765592258538,66.9049842504922,-160.6400300501939,-160.61530593848988,66.9047931832617,66.90550134953797,1092.7147583558917,5,0.0,600.0,0.0,31314.5319,89941.47991155357,1,0,4,3,3,3216.0,0,4,7000490,1,63,0,1,1,NODATA,Kobuk,89.94147991155357
81320100061,-160.6751875762126,66.90333086181509,-160.7096591536422,-160.64071875487278,66.90074852728078,66.90568110776042,3103.1313611103315,16,0.0,841.0,0.0,31314.5319,88848.76515319778,1,0,4,4,2,5098.0,0,4,7000490,1,62,0,1,1,NODATA,Kobuk,88.84876515319777
81320100051,-160.72521933404016,66.90314257144513,-160.74012191124365,-160.71035162885448,66.90130567524051,66.90545051840478,1393.6326068123617,7,0.0,705.5,0.0,31314.5319,85745.63379208365,1,0,4,3,2,5341.0,0,4,7000490,1,60,0,1,1,NODATA,Kobuk,85.74563379208365
81320100041,-160.76243531479832,66.90589343435612,-160.78383123811406,-160.7408146299279,66.9031342587324,66.90748256110676,2024.4484582995556,10,0.0,610.5,0.0,31314.5319,84352.00118527083,1,0,4,4,2,7207.0,0,4,7000490,1,58,3,1,2,NODATA,Kobuk,84.35200118527082
81320100035,-160.89145634073253,66.88697055726992,-160.94105529934197,-160.78451621508208,66.84843137396732,66.90312655150085,12357.003155280205,62,0.0,439.0,0.013640145063769569,23339.6936,82327.55272697161,5,3,5,4,1,7467.0,0,4,7000490,1,57,0,1,1,NODATA,Kobuk,82.32755272697162
81320100025,-160.99529037074655,66.84293751345015,-161.05988581352898,-160.9266211771584,66.81714277911098,66.86070552292593,12420.640950532708,62,0.0,331.0,0.0,23339.6936,69970.54957168501,5,3,4,3,1,3153.0,0,4,7000490,1,49,3,1,2,NODATA,Kobuk,69.97054957168501
81320100175,-161.08159536448935,66.78893339829519,-161.1086190864191,-161.05968714316248,66.76581139430573,66.81686494341719,10176.988599680966,51,0.0,254.0,0.0,15161.847,40773.59079099205,5,3,4,1,1,1368.0,0,4,7000490,1,29,0,1,1,NODATA,Kobuk,40.77359079099205
81320100165,-161.08054907254785,66.7525811696884,-161.13849955879098,-161.03679048601762,66.745782310075,66.76558727649503,10219.360864138493,51,0.0,277.0,0.0,15161.847,30596.60219131521,5,3,4,1,1,1724.0,0,4,7000490,1,22,0,1,1,NODATA,Kobuk,30.59660219131521
81320100155,-161.17755139011277,66.71759718996454,-161.24691326972513,-161.1230028333652,66.68986094537766,66.7471674401559,10182.715810947337,51,0.0,284.0,0.004513447700808906,15161.847,20377.241327163567,5,3,4,1,1,1218.0,0,4,7000490,1,13,0,1,1,NODATA,Kobuk,20.377241327163567
81320100145,-161.29519336963793,66.6532698297611,-161.33852736061522,-161.24757256214934,66.61426037239865,66.68963612038222,10005.395651656736,50,0.0,331.0,0.0,15161.847,10194.525516208916,5,3,4,2,1,1824.0,0,4,7000490,1,3,0,1,1,NODATA,Kobuk,10.194525516208916
81330000156,-161.3390350338468,66.6131746823728,-161.33952566869183,-161.33856975919488,66.61235990999748,66.61398945416265,189.1298645501592,1,0.0,318.0,0.0,15161.847,189.12986455027274,6,3,3,3,2,30.0,0,-9999,7000490,0,-9999,2,1,0,NODATA,Kobuk,0.18912986455027275
81340900186,-155.2594926176973,67.61555701393263,-155.2613161277487,-155.25766572698353,67.61491828709522,67.61615987859831,208.18417872815638,1,552.0249938964844,42.0,6.575865846751343,741.8520571209506,694701.862341004,6,0,5,1,1,228.0,0,-9999,7000142,0,-9999,1,0,1,Noatak River,Noatak,694.7018623410039
81340900171,-155.32745520248304,67.64641348944498,-155.41425204420412,-155.2620421316377,67.61636516568403,67.66427040278698,16400.480399253374,82,545.4000244140625,42.0,0.4286721869365506,952.5666147142709,694493.6781622759,1,0,5,2,1,296.0,0,1,7000142,1,10137,0,1,1,Noatak River,Noatak,694.493678162276
81340900161,-155.53115718869304,67.6727892463341,-155.66345940715897,-155.41315424104675,67.65687625390778,67.68676637583559,15848.57244352969,79,537.4000244140625,51.0,0.4407744027946756,2037.2362,678093.1977630173,1,0,5,1,1,360.0,0,1,7000142,1,10068,0,1,1,Noatak River,Noatak,678.0931977630173
81340900151,-155.82524639855976,67.69769856265737,-155.9998891989665,-155.66347150777213,67.68686760233942,67.70711328233936,19176.702641723914,96,524.4000244140625,63.0,0.7798502883816443,2037.2362,662244.6253194895,1,0,5,5,1,690.0,0,1,7000142,1,9988,0,1,1,Noatak River,Noatak,662.2446253194895
81340900141,-156.04992587048991,67.69991109774098,-156.11824819202613,-156.00038088803217,67.68862668216215,67.7126880467799,10378.176132389712,52,514.7000122070312,63.0,0.09575896940529428,2982.58470479874,643067.9226777661,1,0,6,2,1,690.0,0,1,7000142,1,9895,0,1,1,Noatak River,Noatak,643.0679226777661
81340900131,-156.20391357468054,67.71443770485196,-156.24128142340504,-156.1164118455977,67.70126663879063,67.7399515938677,10316.357237710641,52,504.5,54.0,1.8637002632691084,3112.8022390234205,632689.7465453814,1,0,5,1,1,300.0,0,1,7000142,1,9839,0,1,1,Noatak River,Noatak,632.6897465453814
81340900121,-156.28208698961154,67.77737812655188,-156.3067915788499,-156.24073664110716,67.74022037034011,67.81860492523462,11305.39317687879,57,489.5,63.0,1.311007588672288,3253.7678871841063,622373.3893076696,1,0,5,2,1,531.0,0,1,7000142,1,9775,0,1,1,Noatak River,Noatak,622.3733893076696
81340900111,-156.38581424330377,67.83277456449188,-156.4436076885499,-156.30750284294754,67.81574183578832,67.85009776082933,11270.83033854924,56,476.75,67.0,0.8500927593454061,3393.493368352176,611067.9961307971,1,0,6,3,1,577.0,0,1,7000142,1,9700,0,1,1,Noatak River,Noatak,611.067996130797
81340900101,-156.53470311907228,67.85215817674548,-156.62214055275746,-156.44434337499598,67.83980912586041,67.8627675227492,17738.668365757232,89,470.1000061035156,63.0,0.47891935857087786,3618.3769830132114,599797.1657922586,1,0,6,1,1,360.0,0,1,7000142,1,9629,0,1,1,Noatak River,Noatak,599.7971657922586
81340900091,-156.70809765234918,67.86153658834547,-156.83663206658514,-156.61408997709523,67.84283346895536,67.88613563425504,17014.948346147314,85,447.6000061035156,63.0,2.249850450839601,3832.512483738242,582058.4974264977,1,0,5,2,1,180.0,0,1,7000142,1,9510,0,1,1,Noatak River,Noatak,582.0584974264978
81340900081,-156.9340743490731,67.88640452464887,-157.00541303255136,-156.82912478237594,67.87953947591102,67.90981474905873,12954.321779576765,65,424.70001220703125,67.0,1.5559272281253274,3992.080636788168,565043.549080347,1,0,6,2,1,180.0,0,1,7000142,1,9397,0,1,1,Noatak River,Noatak,565.0435490803469
81340900071,-157.13985977758063,67.91860549631451,-157.21501621069842,-157.00611349197874,67.9019268686211,67.94120202450426,14397.975245173051,72,403.1499938964844,67.0,0.7892468259687088,4173.971795705182,552089.227300786,1,0,5,3,1,390.0,0,1,7000142,1,9281,0,1,1,Noatak River,Noatak,552.089227300786
81340900061,-157.27209487143392,67.91163735185799,-157.35752592455177,-157.2157434919317,67.9003920583615,67.92288024681622,10189.896476389666,51,393.1000061035156,75.0,0.6453044201230171,4299.642050956937,537691.2520556082,1,0,4,1,1,300.0,0,1,7000142,1,9163,0,1,1,Noatak River,Noatak,537.6912520556082
81340900051,-157.39532498203576,67.89942046991284,-157.43249187172992,-157.35824050892575,67.8839314007118,67.91174076709761,10170.068648357916,51,392.70001220703125,75.0,1.0714116791230672,4427.792640193924,527501.3555792093,1,0,4,2,1,330.0,0,1,7000142,1,9057,0,1,1,Noatak River,Noatak,527.5013555792093
81340900041,-157.50591329262377,67.93489784309186,-157.63909242911024,-157.4307185076951,67.9078354322593,67.97499955571726,18160.077045690457,91,368.3000183105469,126.0,2.211696963027519,4653.503032850037,517331.2869308607,1,0,5,4,1,360.0,0,1,7000142,1,8981,0,1,1,Noatak River,Noatak,517.3312869308608
81340900031,-157.6926650805894,67.98937989881065,-157.7489407644914,-157.6397964550071,67.97522068226509,68.00014015569333,6447.596260286162,32,345.8000183105469,127.0,1.1932235304634327,5082.78369140625,499171.20988517924,1,0,4,2,1,127.0,0,1,7000142,1,8809,0,1,1,Noatak River,Noatak,499.1712098851792
81340900021,-157.77969760835748,68.00397411951117,-157.80983369581708,-157.74859385443207,68.00041462031166,68.00800464482,4006.5225974463883,20,337.3500061035156,94.0,2.3119222073241064,5092.056636487024,492723.61362489266,1,0,5,2,1,30.0,0,1,7000142,1,8760,0,1,1,Noatak River,Noatak,492.72361362489266
81340900011,-157.87018593242047,67.99973029040405,-157.9352691909685,-157.8105484297381,67.98526419462863,68.0108451791418,7980.612967794904,40,325.3999938964844,114.0,1.6993845449182263,5120.02099609375,488717.0910274546,1,0,6,2,1,30.0,0,1,7000142,1,8722,0,1,1,Noatak River,Noatak,488.7170910274546
81340700061,-158.01801404021546,67.94459438133,-158.10817955585753,-157.9359986986377,67.89439714498755,67.98908546273415,17875.101491029396,89,306.75,127.0,1.3533846142045365,7762.744396578881,480736.4780596535,1,0,6,4,1,240.0,0,2,7000142,1,1116,3,2,1,Noatak River,Noatak,480.7364780596535
81340700051,-158.22560664098822,67.86877440696237,-158.34433353792997,-158.1088979750903,67.85585748241523,67.89500524235666,14452.13748561092,72,290.8999938964844,92.0,0.6985037040379527,7946.939453125,462861.376568633,1,0,6,2,1,270.0,0,2,7000142,1,1098,0,1,1,Noatak River,Noatak,462.86137656863303
81340700041,-158.38530926743778,67.90371184271967,-158.47133797324614,-158.34504667793033,67.855444031648,67.95534165859608,19276.45127986619,96,277.6000061035156,122.5,0.9598387430960335,11027.569538099195,448409.2390830216,1,0,4,2,1,296.0,0,3,7000142,1,413,3,2,1,Noatak River,Noatak,448.4092390830216
81340700031,-158.50284735405194,67.9997875880912,-158.57986131089964,-158.45404986771945,67.95561026804432,68.05098077351198,19240.199023341607,96,266.0,148.0,0.26194119197109456,11443.456986293158,429132.78780315974,1,0,5,4,1,174.0,0,3,7000142,1,402,0,1,1,Noatak River,Noatak,429.1327878031597
81340700021,-158.62554737920982,68.02315306135995,-158.76819669550926,-158.53775903458168,68.00563731852097,68.03883008046064,18375.16496388152,92,249.10000610351562,161.0,1.048183398230354,12034.30231810795,409892.5887798213,1,0,5,2,1,420.0,0,3,7000142,1,392,0,1,1,Noatak River,Noatak,409.89258877982127
81340700011,-158.8388074387276,68.02931862064565,-158.9516019609363,-158.7693417671123,68.01775411742672,68.03744605504804,11025.68861276109,55,237.8000030517578,117.0,0.65925219378122,12387.31640625,391517.42381593154,1,0,4,2,1,420.0,0,3,7000142,1,386,0,1,1,Noatak River,Noatak,391.5174238159315
81340500191,-159.05980193049976,68.04549344838243,-159.20044514601358,-158.95160139783232,68.02394362494266,68.05406903437716,13559.845125920867,68,228.8000030517578,105.0,0.6592948757778242,14957.494292534722,380491.7352031721,1,0,6,2,1,827.0,0,3,7000142,1,285,3,2,1,Noatak River,Noatak,380.4917352031721
81340500181,-159.3215786561003,68.0714012218108,-159.43934809506803,-159.20116490977765,68.05310676027429,68.09676625174065,14450.4668395496,72,220.3000030517578,107.0,1.3684055906948958,15128.531510416668,366931.8900772549,1,0,6,2,1,804.0,0,3,7000142,1,273,0,1,1,Noatak River,Noatak,366.93189007725493
81340500171,-159.5664774153457,68.10273435231161,-159.6600963996881,-159.4400697323576,68.09406675368784,68.11981995628732,11830.608543936747,59,203.14999389648438,127.0,1.0997063355987307,15265.361284722223,352481.4232377041,1,0,5,4,1,900.0,0,3,7000142,1,259,0,1,1,Noatak River,Noatak,352.48142323770406
81340500161,-159.7479844756552,68.12075735208188,-159.84968833385602,-159.66067961840133,68.10885696922881,68.12854545800468,11239.80432703143,56,194.8000030517578,105.0,0.5529755525457876,15396.810112847223,340650.8146937719,1,0,6,3,1,806.0,0,3,7000142,1,253,0,1,1,Noatak River,Noatak,340.6508146937719
81340500151,-159.995813553156,68.1159146594932,-160.13336140111116,-159.85040774943337,68.08200171030126,68.12874103956436,13911.456326316707,70,184.8000030517578,150.0,1.0794608943733786,15558.6228515625,329411.01036674145,1,0,6,3,1,615.0,0,3,7000142,1,246,0,1,1,Noatak River,Noatak,329.41101036674144
81340500141,-160.1791394898745,68.02248133608876,-160.24029836534322,-160.13240370533654,67.98101194919515,68.08173268586741,14968.314282914647,74,170.90000915527344,155.0,0.6871712839216501,17553.356071866037,315499.55404043087,1,0,5,4,1,626.0,0,3,7000142,1,240,0,1,1,Noatak River,Noatak,315.4995540404309
81340500131,-160.24100947182575,67.93391134902964,-160.32801718339007,-160.21714602059478,67.91229091707666,67.98089894115174,11866.920810568567,59,160.1999969482422,189.0,0.19583913586194854,18103.31454088492,300531.2397575213,1,0,5,2,1,450.0,0,3,7000142,1,231,0,1,1,Noatak River,Noatak,300.5312397575213
81340500121,-160.42415536272145,67.8957307770238,-160.5330941484707,-160.32913615513814,67.88885343907435,67.9118512508692,10331.701720291825,52,153.60000610351562,190.0,0.6382244859072611,18581.21962759919,288664.3189469528,1,0,5,2,1,420.0,0,3,7000142,1,227,0,1,1,Noatak River,Noatak,288.6643189469528
81340500111,-160.64534543146996,67.89710730317987,-160.75154063045548,-160.53381896941366,67.8917080529275,67.90133846868063,10331.294070226928,52,147.75,156.0,1.2031686945926299,19054.713282743785,278332.61722666124,1,0,6,1,1,480.0,0,3,7000142,1,223,0,1,1,Noatak River,Noatak,278.3326172266612
81340500101,-160.90468116014137,67.90733902804419,-161.0549401877036,-160.7520916513664,67.89153613327514,67.93393134293306,17677.854018062808,88,135.6999969482422,150.0,0.3797275710813338,19847.300488094526,268001.3231564412,1,0,4,4,1,750.0,0,3,7000142,1,217,0,1,1,Noatak River,Noatak,268.00132315644123
81340500091,-161.13684447582142,67.96898860390515,-161.28152476928813,-161.05553607073338,67.9341930971818,68.0036924788599,16341.964575788157,82,126.0999984741211,150.0,0.6763545782258408,21485.251953125,250323.46913837257,1,0,5,2,1,30.0,0,3,7000142,1,211,0,1,1,Noatak River,Noatak,250.32346913837256
81340500081,-161.39740735225544,68.00186539402655,-161.4986163054899,-161.2814982814663,67.9909512408731,68.01339035894475,11749.628089138276,58,112.9000015258789,127.5,0.7420411442206636,21581.200067934784,233981.5045625802,1,0,5,2,1,240.0,0,3,7000142,1,197,0,1,1,Noatak River,Noatak,233.9815045625802
81340500061,-161.49321122287762,67.99992827162185,-161.4948642357591,-161.49150976282056,67.99946472976995,68.00032329823007,184.58420979911386,1,106.5999984741211,234.0,18.119337444128007,21597.90658674569,222231.87647344655,1,0,4,1,1,60.0,0,3,7000142,1,186,0,1,1,Noatak River,Noatak,222.23187647344656
81340500051,-161.50481289933316,68.00556292498119,-161.52208055801842,-161.49070962889678,68.00012726902042,68.00956252745425,2689.0509660333505,13,106.0999984741211,137.0,0.4190244181421418,21600.46875,222047.29226364815,1,0,5,1,1,60.0,0,3,7000142,1,185,0,1,1,Noatak River,Noatak,222.04729226364816
81340500041,-161.59809784955334,67.99154941821902,-161.6282449096883,-161.52202200100484,67.96109060315419,67.99985844992393,8582.19517492333,43,102.80000305175781,142.0,0.43887481194677674,22560.730892470314,219358.24129761348,1,0,6,2,1,60.0,0,3,7000142,1,180,0,1,1,Noatak River,Noatak,219.3582412976135
81340500031,-161.70090091273266,67.94640515268077,-161.7859419402867,-161.62894229821143,67.93241282320331,67.96091788570432,8568.740132308738,43,100.70000457763672,132.5,7.682427942461338,23508.534562038672,210776.046122697,1,0,6,2,1,300.0,0,3,7000142,1,172,0,1,1,Noatak River,Noatak,210.776046122697
81340500021,-161.81529472325667,67.96308992717331,-161.9092003542379,-161.78395463900384,67.93473116754917,67.9773137283269,8553.407017202548,43,94.4000015258789,165.0,34.320459383968554,24463.685546875,202207.30599037829,1,0,5,1,1,270.0,0,3,7000142,1,163,3,1,2,Noatak River,Noatak,202.20730599037827
81340500011,-161.91193675487224,67.97808107587352,-161.91413048082043,-161.90972764621392,67.97776249342242,67.97850136465647,217.32181165834803,1,86.20000457763672,140.27285766601562,8.264025055717946e-14,26886.0159,193653.89897317303,1,0,4,1,1,150.0,0,3,7000142,0,120,3,2,1,Noatak River,Noatak,193.65389897317303
81340500201,-161.91209328298143,67.97749339852585,-161.91427312078838,-161.909882609925,67.97703233300756,67.977721429693,205.34781987047592,1,86.20000457763672,169.0,2.2416847840704796e-13,26886.0159,193641.92498138538,1,0,4,1,1,150.0,0,3,7000142,1,119,3,2,1,Noatak River,Noatak,193.6419249813854
81340300021,-161.95263586904392,67.96341144812287,-161.99989332784804,-161.9149891244232,67.95171318687804,67.977914030013,5078.099776026937,25,84.5999984741211,184.0,19.031340529528414,53772.0317,193436.57716151475,1,0,5,3,1,210.0,0,3,7000142,1,118,3,2,1,Noatak River,Noatak,193.43657716151475
81340300011,-162.162282684393,67.93900009210176,-162.30020814021412,-162.0003797886078,67.9148983840569,67.95144882480194,14885.726606601604,74,73.1500015258789,184.0,0.8647429741480306,56090.5496,188358.47738548668,1,0,5,4,1,30.0,0,3,7000142,1,117,0,1,1,Noatak River,Noatak,188.35847738548668
81340100121,-162.42125338213373,67.90460720717138,-162.5475541380388,-162.30010970454367,67.88049703702517,67.91838738797726,12806.507537523,64,61.70000076293945,210.0,0.9116164680051279,56281.0171,173472.75077888006,1,0,5,5,1,1366.0,0,3,7000142,1,108,0,1,1,Noatak River,Noatak,173.47275077888006
81340100111,-162.67929044401694,67.84344348459281,-162.7936246479197,-162.54827308343718,67.80524378839993,67.88045393469348,16269.549933226865,81,49.72500228881836,173.0,0.6293166583196038,56522.441,160666.24324136364,1,0,6,4,1,2038.0,0,3,7000142,1,104,0,1,1,Noatak River,Noatak,160.66624324136365
81340100101,-162.81784488932348,67.75356849997162,-162.8580636965302,-162.79013682099284,67.70989325742102,67.80460039170656,12793.795892933635,64,39.400001525878906,162.0,0.8382819188775552,56701.2952,144396.69330813296,1,0,6,3,1,1578.0,0,3,7000142,1,96,0,1,1,Noatak River,Noatak,144.39669330813297
81340100091,-162.8490089513916,67.66532538734124,-162.86401648798346,-162.8370065340939,67.61941960547277,67.70962811894044,11664.281728077396,58,29.600000381469727,175.0,0.9624897710787971,56863.9286,131602.89741520688,1,0,6,4,1,2036.0,0,3,7000142,1,90,0,1,1,Noatak River,Noatak,131.60289741520688
81340100081,-162.92047547300547,67.57965908681464,-162.98327705419547,-162.85523921185302,67.5419542937937,67.61914511577542,11617.48571504691,58,20.200000762939453,170.0,0.5464443747523711,57024.7086,119938.61568712482,1,0,4,4,1,1252.0,0,3,7000142,1,79,0,1,1,Noatak River,Noatak,119.93861568712482
81340100071,-163.0361454697761,67.47742829486634,-163.08984162881566,-162.9812899540965,67.41699571648975,67.54180168679858,17418.822881926302,87,8.699999809265137,181.0,0.524557989683002,57264.7203,108321.129972084,1,0,5,5,1,5031.0,0,3,7000142,1,72,0,1,1,Noatak River,Noatak,108.32112997208401
81340100061,-163.0365927237806,67.34589551692284,-163.08343992507847,-162.9900255596774,67.28784433934362,67.41671831661394,18894.086299911276,94,2.600000143051147,330.5,0.07442016113941048,58579.5076,90902.30709014695,1,0,5,5,1,5031.0,0,3,7000142,1,63,3,2,1,Noatak River,Noatak,90.90230709014695
81340100051,-162.9089013528543,67.26995642271271,-162.9893297122068,-162.83282069765565,67.24676061418656,67.28792578131817,8502.917430977446,43,2.600000143051147,499.0,5.711102598203974e-16,58974.0216,72008.22079023586,1,0,5,3,2,1357.0,0,3,7000142,1,54,0,1,1,Noatak River,Noatak,72.00822079023587
81340100041,-162.7526082523356,67.25683679201276,-162.83212610837978,-162.6728215326223,67.24664778530668,67.26597087630881,8477.426334289199,43,2.0,246.0,0.07685082734947046,59373.4263,63505.30335926024,1,0,5,2,1,827.0,0,3,7000142,1,46,0,1,1,Noatak River,Noatak,63.50530335926024
81340100031,-162.59525911103873,67.24990799097839,-162.67237854273398,-162.53254239968507,67.22475717411122,67.26332069481407,8473.51635621043,43,2.0,303.0,1.198490642417745e-16,59780.982,55027.877024970105,1,0,4,1,1,636.0,0,3,7000142,1,42,0,1,1,Noatak River,Noatak,55.0278770249701
81340100021,-162.53857315234373,67.18210912022029,-162.60097972347899,-162.46544152946035,67.131958376614,67.22469271922091,18989.337244020877,95,1.700000047683716,345.0,0.023766745927810404,60716.7301,46554.36066876221,1,0,5,5,1,2123.0,0,3,7000142,1,35,0,1,1,Noatak River,Noatak,46.55436066876221
81340100011,-162.39912876687904,67.14057221229862,-162.50327884784775,-162.34865616358434,67.1070421878298,67.15398719105626,12343.51027145771,62,1.300000071525574,746.0,0.09431089915154436,61345.9962,27565.023424741816,1,0,4,8,2,2739.0,0,3,7000142,1,20,0,1,1,Noatak River,Noatak,27.565023424741817
81330000031,-162.43816614528592,67.05781732783575,-162.5021046996758,-162.38496743006667,67.00901691019673,67.10677788314277,12289.587920300639,62,0.5,769.0,0.05184157112341439,61950.809,15221.51315327416,1,0,4,4,2,3148.0,0,3,7000142,1,10,0,1,1,Noatak River,Noatak,15.22151315327416
81330000023,-162.50866173168745,66.99740557181757,-162.51357377024905,-162.50254489118808,66.98591669494182,67.0087545305106,2769.9652091726102,14,1.200000047683716,1035.0,9.751998564662943e-17,62091.0082,2931.925232964411,3,3,3,3,1,2526.0,0,3,7000142,1,1,0,1,1,Noatak River,Noatak,2.931925232964411
81330000016,-162.50677181502664,66.98498862022939,-162.50739020319122,-162.5060160159716,66.98432509218468,66.98564999183345,161.96002378898817,1,1.200000047683716,298.5,3.8098355002191902e-16,62100.7895,161.96002379073477,6,3,3,1,1,1053.0,0,-9999,7000142,0,-9999,2,1,0,Noatak River,Noatak,0.16196002379073476
81310800206,-158.97612241334113,66.34646415727356,-158.97766310619068,-158.97498359043388,66.3458449691744,66.34702957433274,187.71519784685424,1,8.0,58.5,1.8074226043385726e-14,3841.8213108359523,166592.63054900625,6,0,4,1,1,296.0,0,-9999,7001633,0,-9999,1,0,1,NODATA,Selawik,166.59263054900626
81310800191,-159.04470036134137,66.36131337098004,-159.07295002769482,-158.9783330736739,66.33427310243471,66.41608109491179,18999.00867661776,95,8.0,42.0,0.21485930456874214,4028.5524193548385,166404.91535115952,1,0,4,2,1,364.0,0,1,7001633,1,4670,0,1,1,NODATA,Selawik,166.40491535115953
81310800181,-159.0461610617898,66.44065645518424,-159.07640178206506,-159.0043523239161,66.4163502763262,66.46157379449201,15721.758939168158,79,4.300000190734863,42.0,0.03325094381470861,4183.346968301559,147405.90667454724,1,0,5,1,1,339.0,0,1,7001633,1,4347,0,1,1,NODATA,Selawik,147.40590667454723
81310800131,-159.05302344981195,66.5022051147271,-159.09293537660142,-159.01660504514544,66.461573584317,66.5379823880333,19607.387318401365,98,4.300000190734863,60.0,3.059823141712345e-16,8278.257973030823,131684.14773538007,1,0,5,1,1,296.0,0,2,7001633,1,986,3,2,1,Selawik River,Selawik,131.68414773538007
81310800121,-159.05384237877357,66.55201946588608,-159.08796340369165,-159.00315321716852,66.53686163205552,66.58131549570285,15974.677935695867,80,4.300000190734863,75.0,3.183179334288876e-16,8751.029278876089,112076.76041697616,1,0,5,1,1,450.0,0,2,7001633,1,893,0,1,1,Selawik River,Selawik,112.07676041697616
81310800111,-159.14850763762587,66.57167610600581,-159.19512642579593,-159.08297519315633,66.54162196591957,66.6038057895477,16913.07545434697,85,4.300000190734863,138.0,0.029359348813581314,9251.207616944272,96102.08248127229,1,0,6,2,1,690.0,0,2,7001633,1,792,0,1,1,Selawik River,Selawik,96.10208248127229
81310800101,-159.2092625425807,66.54976766687807,-159.2526478494719,-159.13000668996423,66.53108609264297,66.57594607792912,15820.598698028041,79,3.799999952316284,150.0,0.040516654716939444,9728.873035686489,79189.00702692682,1,0,6,1,1,450.0,0,2,7001633,1,692,0,1,1,Selawik River,Selawik,79.18900702692682
81310800091,-159.2567827755704,66.58805424951771,-159.28309813370063,-159.23657456922143,66.56928342912147,66.59836206999105,8893.984385190579,44,3.299999952316284,128.0,0.026456549361274506,9985.324551486614,63368.40832890194,1,0,5,1,1,330.0,0,2,7001633,1,579,0,1,1,Selawik River,Selawik,63.36840832890194
81310800081,-159.35527948440554,66.58239737763529,-159.39029239863544,-159.28350157801657,66.57608565716549,66.60076601784253,8885.484398948722,45,3.299999952316284,170.5,9.094995928389962e-17,10254.500760818804,54474.42394371783,1,0,4,1,1,330.0,0,2,7001633,1,505,0,1,1,Selawik River,Selawik,54.47442394371783
81310800071,-159.47789996105888,66.5757113694565,-159.56884245405715,-159.39096833927124,66.57112172008547,66.59532955956549,8858.662711355362,44,3.299999952316284,231.5,2.5097147328743484e-16,10524.655792730386,45588.93954476917,1,0,4,2,1,510.0,0,2,7001633,1,419,0,1,1,Selawik River,Selawik,45.58893954476917
81310800061,-159.69915148507536,66.57003769539787,-159.83043931626295,-159.56937719493885,66.5601446983681,66.57694486665355,14589.170116305197,73,3.299999952316284,256.0,2.3464019744095373e-16,10956.316550241283,36730.27683341194,1,0,6,2,1,480.0,0,2,7001633,1,324,0,1,1,Selawik River,Selawik,36.73027683341194
81310800053,-159.87374498583173,66.5568034607813,-159.91774548823273,-159.8305655279593,66.55141630310774,66.5689116667376,5486.588516565891,27,2.700000047683716,333.0,0.6292232705841676,11113.90698552304,22141.10671710864,3,3,5,2,1,1470.0,0,2,7001633,1,190,0,1,1,Selawik River,Selawik,22.141106717108638
81310800041,-159.9299084011217,66.56398299457105,-159.94134156257005,-159.91842930705417,66.56241844296216,66.56522182186694,1105.4975038454904,6,1.0,292.0,9.182213055993277e-16,11148.16577580168,16654.518200540864,1,0,4,3,2,2165.0,0,2,7001633,1,125,0,1,1,Selawik River,Selawik,16.654518200540863
81310800031,-159.95652547295865,66.56350449526298,-159.97003713454697,-159.9420132996784,66.56224073796724,66.56676536652489,1416.932495520634,7,1.0,319.0,4.951893611912269e-17,11191.233969294832,15549.020696696634,1,0,4,3,2,2165.0,0,2,7001633,1,114,0,1,1,Selawik River,Selawik,15.549020696696635
81310800023,-160.0354038673302,66.62165929537014,-160.17182065959227,-159.97045319662783,66.5670319473271,66.63534979470785,13976.220789883026,70,0.0,175.0,0.039333985170084754,11610.170033273662,14132.088201173436,3,3,4,2,1,510.0,0,2,7001633,1,100,0,1,1,Selawik River,Selawik,14.132088201173435
81310800016,-160.17417518014182,66.63304715755127,-160.1758638769977,-160.17249072107677,66.63291789956763,66.63326609569381,155.8674112856151,1,0.0,366.0,0.0,11616.04296875,155.86741128458735,6,3,4,1,1,402.0,0,-9999,7001633,0,-9999,2,1,0,Selawik River,Selawik,0.15586741128458734
81320200226,-160.68095539557163,67.40014285227949,-160.68304284863157,-160.67885494898064,67.39997496210574,67.4003879852757,199.85583124841366,1,116.25,106.0,5.879018278477111,641.884936655763,207448.0928245203,6,0,4,1,1,134.0,0,-9999,7002175,0,-9999,1,0,1,NODATA,Squirrel,207.4480928245203
81320200211,-160.7688256630525,67.34178970153557,-160.81986361984426,-160.68373450129195,67.27621968934687,67.39986007051284,17502.713854753292,88,88.0999984741211,67.0,2.9590283218688365,716.343590988807,207248.2369932725,1,0,4,2,1,582.0,0,1,7002175,1,5340,0,1,1,NODATA,Squirrel,207.24823699327249
81320200201,-160.9437765958645,67.22017109384885,-161.00362976193196,-160.82054289318202,67.16704370860293,67.27599663073245,18527.129674982967,93,33.70000076293945,75.0,2.0762694387204625,795.691650390625,189745.52313851108,1,0,5,4,1,758.0,0,1,7002175,1,5033,0,1,1,NODATA,Squirrel,189.7455231385111
81320200051,-161.002173878015,67.1351621374282,-161.02515214736067,-160.96971869618923,67.11695895680798,67.16676609274495,10626.070457594407,53,18.399999618530273,92.0,0.33128360966417403,2855.4075,171218.39346352598,1,0,4,2,1,375.0,0,2,7002175,1,313,3,2,1,Squirrel River,Squirrel,171.21839346352598
81320200041,-160.8809609723441,67.10763110009717,-160.96901899261482,-160.8161866645795,67.10056694103254,67.117772838393,10668.880922254377,53,11.600000381469727,117.0,0.34484799638784347,3189.2168,160592.32300592947,1,0,4,2,1,362.0,0,2,7002175,1,297,0,1,1,Squirrel River,Squirrel,160.59232300592947
81320200031,-160.7172174517957,67.10329363377461,-160.8154999478263,-160.63760387191604,67.08135028639381,67.11700446368904,19789.113497387007,99,6.700000286102295,101.0,0.13364120104797836,3799.494,149923.44208366878,1,0,5,2,1,390.0,0,2,7002175,1,282,0,1,1,Squirrel River,Squirrel,149.9234420836688
81320200021,-160.53670882849374,67.08291649777725,-160.63964823204142,-160.48225350566247,67.045936996043,67.09552457611181,12706.02001512252,64,4.599999904632568,137.0,0.08722759145802836,4181.4292,130134.32858627723,1,0,5,2,1,390.0,0,2,7002175,1,247,0,1,1,Squirrel River,Squirrel,130.13432858627723
81320200011,-160.40253711714894,67.01500076702675,-160.48158067835985,-160.35861206717095,66.9563048575324,67.05829901326831,16918.888529543234,85,0.0,184.0,0.30424397132933517,4711.8379,117428.30857115623,1,0,6,7,1,5420.0,0,2,7002175,1,229,0,1,1,Squirrel River,Squirrel,117.42830857115624
81350100406,-163.11048923221253,68.09979602997598,-163.11267227067063,-163.1083017520024,68.09955178714101,68.10009404269735,200.6126798045616,1,169.10000610351562,42.0,11.336913950407926,491.09585238835,88615.60350052582,6,0,5,1,1,94.0,0,-9999,7000081,0,-9999,1,0,1,Wulik River,Wulik,88.61560350052582
81350100391,-163.19548344120932,68.07709325517632,-163.27647496021356,-163.1039555091129,68.03980910515544,68.09939864946513,12862.503540044252,64,142.4499969482422,42.0,3.0746879455122267,546.9391421525838,88414.9908207203,1,0,5,2,1,268.0,0,1,7000081,1,3017,0,1,1,Wulik River,Wulik,88.41499082072029
81350100381,-163.36511416105358,68.02198195984144,-163.44740983241567,-163.27720952620058,68.0000030834649,68.03960144391652,10411.512183441035,52,108.5999984741211,42.0,2.539007246540585,1696.739990234375,75552.48728066563,1,0,5,1,1,547.0,0,1,7000081,1,2636,0,1,1,Wulik River,Wulik,75.55248728066563
81350100371,-163.46464473674817,67.9570868927904,-163.55480151007245,-163.44336097993107,67.92360037839266,67.9997341024834,11642.00039865476,58,81.94999694824219,42.0,2.2573697634560137,1802.7402591248647,65140.97509722354,1,0,4,2,1,127.0,0,1,7000081,1,2294,0,1,1,Wulik River,Wulik,65.14097509722355
81350100361,-163.61867437361792,67.89403424943458,-163.70223881885764,-163.55538691435535,67.87151126408227,67.9236874264409,10167.260899791003,51,58.20000076293945,48.0,1.9899813969776305,1898.8223742010396,53498.974698575315,1,0,4,2,1,331.0,0,1,7000081,1,1897,0,1,1,Wulik River,Wulik,53.49897469857532
81350100351,-163.80153801042158,67.85563882827812,-163.8935414827924,-163.70295529433784,67.84121656514898,67.87147439257262,10141.20942138233,51,42.900001525878906,54.0,1.414943100512421,1994.2846046638197,43331.71379879283,1,0,6,2,1,384.0,0,1,7000081,1,1518,0,1,1,Wulik River,Wulik,43.331713798792826
81350100341,-163.99044816533814,67.81735282282455,-164.08838895546373,-163.8942566372402,67.79693261088336,67.84116756891817,13650.185231796935,68,28.5,54.0,1.1007052734991936,2120.4311234896363,33190.50437741065,1,0,6,2,1,254.0,0,1,7000081,1,1143,0,1,1,Wulik River,Wulik,33.190504377410655
81350100331,-164.28198659904677,67.79074860698734,-164.4205740389181,-164.08910658198675,67.77261734388142,67.79817878307183,19376.34219826488,97,11.0,42.0,0.8086692038476293,2303.297084441066,19540.31914561574,1,0,5,1,1,270.0,0,1,7000081,1,618,0,1,1,Wulik River,Wulik,19.54031914561574
81350100326,-164.42262659555948,67.7719967119108,-164.4234469561353,-164.4212873132153,67.77138965615293,67.77251223189954,163.97694735203842,1,4.700000286102295,48.0,0.9191872394679663,2305.15673828125,163.97694735218278,6,0,3,1,1,108.0,0,-9999,7000081,0,-9999,2,1,0,Wulik River,Wulik,0.16397694735218277
