reach_id,time_str,wse,width,slope,slope2,d_x_area,area_total,reach_q,ice_clim_f,dark_frac,sos_consensus_q,sos_hivdi_q,sos_metroman_q,sos_momma_q,sos_sad_q,sos_sic4dvar_q,wse_units,width_units,slope_units,slope2_units,d_x_area_units,area_total_units,dark_frac_units,sos_consensus_q_units,sos_hivdi_q_units,sos_metroman_q_units,sos_momma_q_units,sos_sad_q_units,sos_sic4dvar_q_units
81320300021,2023-07-29T01:26:04Z,4.0852,204.433942,8.714774e-05,7.526589e-05,-999999999999.0,2151720.9,1,0,0.482481,-999999999999.0,-999999999999.0,-999999999999.0,-999999999999.0,-999999999999.0,311.99410633899055,m,m,m/m,m/m,m^2,m^2,1,m^3/s,m^3/s,m^3/s,m^3/s,m^3/s,m^3/s
81320300021,2023-08-02T16:42:58Z,3.861,357.238391,-9.47073e-05,4.674933e-05,-999999999999.0,4112876.9,2,0,0.266217,128.89273086363806,-999999999999.0,-999999999999.0,128.89273086363806,-999999999999.0,317.7140406097482,m,m,m/m,m/m,m^2,m^2,1,m^3/s,m^3/s,m^3/s,m^3/s,m^3/s,m^3/s
81320300021,2023-08-03T16:43:37Z,6.1518,362.182675,0.00020280776,0.00011905753,-999999999999.0,4169800.3,2,0,0.914677,-999999999999.0,-999999999999.0,-999999999999.0,-999999999999.0,-999999999999.0,389.8795124878138,m,m,m/m,m/m,m^2,m^2,1,m^3/s,m^3/s,m^3/s,m^3/s,m^3/s,m^3/s
81320300021,2023-08-07T23:48:22Z,3.1204,409.209032,6.853128e-05,7.218124e-05,-999999999999.0,4711213.6,2,0,0.090984,-999999999999.0,-999999999999.0,-999999999999.0,-999999999999.0,-999999999999.0,-999999999999.0,m,m,m/m,m/m,m^2,m^2,1,m^3/s,m^3/s,m^3/s,m^3/s,m^3/s,m^3/s
81320300021,2023-08-08T23:49:02Z,6.0062,324.734711,0.00031852648,-0.0001458771,-999999999999.0,511928.9,2,0,0.68596,-999999999999.0,-999999999999.0,-999999999999.0,-999999999999.0,-999999999999.0,-999999999999.0,m,m,m/m,m/m,m^2,m^2,1,m^3/s,m^3/s,m^3/s,m^3/s,m^3/s,m^3/s
81320300021,2023-08-23T13:28:03Z,4.8595,447.781993,8.782408e-05,8.539684e-05,-999999999999.0,5155303.2,1,0,0.018788,682.4585174870472,-999999999999.0,667.1909485636821,697.7260864104122,-999999999999.0,531.5948525924733,m,m,m/m,m/m,m^2,m^2,1,m^3/s,m^3/s,m^3/s,m^3/s,m^3/s,m^3/s
81320300021,2023-08-24T13:28:42Z,5.9545,403.380638,0.00033318815,4.032955e-05,-999999999999.0,4644111.4,2,0,0.624675,-999999999999.0,-999999999999.0,-999999999999.0,-999999999999.0,-999999999999.0,526.6904834976639,m,m,m/m,m/m,m^2,m^2,1,m^3/s,m^3/s,m^3/s,m^3/s,m^3/s,m^3/s
81320300021,2023-08-28T20:33:26Z,5.0842,113.444395,9.794902e-05,0.00010048657,-999999999999.0,157872.6,1,0,0.009977,-999999999999.0,-999999999999.0,-999999999999.0,-999999999999.0,-999999999999.0,628.6351420791568,m,m,m/m,m/m,m^2,m^2,1,m^3/s,m^3/s,m^3/s,m^3/s,m^3/s,m^3/s
81320300021,2023-08-29T20:34:07Z,5.8922,342.090877,0.00010926234,0.00010113123,-999999999999.0,684343.5,1,0,0.793446,-999999999999.0,-999999999999.0,-999999999999.0,-999999999999.0,-999999999999.0,-999999999999.0,m,m,m/m,m/m,m^2,m^2,1,m^3/s,m^3/s,m^3/s,m^3/s,m^3/s,m^3/s
81320300021,2023-09-03T11:50:53Z,249.6105,73.091236,0.02367410694,0.12868743148,-999999999999.0,173542.2,2,0,0.757508,-999999999999.0,-999999999999.0,-999999999999.0,-999999999999.0,-999999999999.0,-999999999999.0,m,m,m/m,m/m,m^2,m^2,1,m^3/s,m^3/s,m^3/s,m^3/s,m^3/s,m^3/s
81320300021,2023-09-07T18:55:35Z,6.1797,416.33479,9.051992e-05,7.851123e-05,-999999999999.0,2479292.4,1,0,0.10407,-999999999999.0,-999999999999.0,-999999999999.0,-999999999999.0,-999999999999.0,-999999999999.0,m,m,m/m,m/m,m^2,m^2,1,m^3/s,m^3/s,m^3/s,m^3/s,m^3/s,m^3/s
81320300021,2023-09-08T18:56:16Z,6.1578,388.758388,6.779641e-05,7.714004e-05,-999999999999.0,4475765.8,2,0,0.691522,-999999999999.0,-999999999999.0,-999999999999.0,-999999999999.0,-999999999999.0,531.5958730717854,m,m,m/m,m/m,m^2,m^2,1,m^3/s,m^3/s,m^3/s,m^3/s,m^3/s,m^3/s
81320300021,2023-09-13T10:13:09Z,5.6814,284.645338,5.524586e-05,9.621417e-05,-999999999999.0,3277114.8,2,0,0.857898,-999999999999.0,-999999999999.0,-999999999999.0,-999999999999.0,-999999999999.0,545.0783597315569,m,m,m/m,m/m,m^2,m^2,1,m^3/s,m^3/s,m^3/s,m^3/s,m^3/s,m^3/s
81320300021,2023-09-14T10:13:48Z,5.4648,425.040075,0.00034254056,0.00025832721,-999999999999.0,4893476.0,2,0,0.494916,-999999999999.0,-999999999999.0,-999999999999.0,-999999999999.0,-999999999999.0,516.3223772497148,m,m,m/m,m/m,m^2,m^2,1,m^3/s,m^3/s,m^3/s,m^3/s,m^3/s,m^3/s
81320300021,2023-09-18T17:18:32Z,4.6923,157.850506,5.474618e-05,6.188947e-05,-999999999999.0,1562915.0,2,0,0.327455,-999999999999.0,-999999999999.0,-999999999999.0,-999999999999.0,-999999999999.0,475.16373658693857,m,m,m/m,m/m,m^2,m^2,1,m^3/s,m^3/s,m^3/s,m^3/s,m^3/s,m^3/s
81320300021,2023-09-19T17:19:13Z,6.6012,253.357176,0.00032799053,0.00293132207,-999999999999.0,399405.6,2,0,0.994413,-999999999999.0,-999999999999.0,-999999999999.0,-999999999999.0,-999999999999.0,-999999999999.0,m,m,m/m,m/m,m^2,m^2,1,m^3/s,m^3/s,m^3/s,m^3/s,m^3/s,m^3/s
81320300021,2023-09-28T15:40:38Z,3.7817,442.320371,0.00013351799,8.140432e-05,-999999999999.0,2545525.4,2,0,0.460406,-999999999999.0,-999999999999.0,-999999999999.0,-999999999999.0,-999999999999.0,-999999999999.0,m,m,m/m,m/m,m^2,m^2,1,m^3/s,m^3/s,m^3/s,m^3/s,m^3/s,m^3/s
81320300021,2023-09-29T15:41:19Z,3.8626,417.653274,3.886034e-05,6.925682e-05,-999999999999.0,4808432.0,2,0,0.182529,183.63115705188844,-999999999999.0,-999999999999.0,183.63115705188844,-999999999999.0,251.99497004201547,m,m,m/m,m/m,m^2,m^2,1,m^3/s,m^3/s,m^3/s,m^3/s,m^3/s,m^3/s
81320300021,2023-10-04T06:58:11Z,4.1816,340.050039,0.00040687534,0.00014931374,-999999999999.0,3914987.8,2,0,0.539354,-999999999999.0,-999999999999.0,-999999999999.0,-999999999999.0,-999999999999.0,191.14801105566033,m,m,m/m,m/m,m^2,m^2,1,m^3/s,m^3/s,m^3/s,m^3/s,m^3/s,m^3/s
81320300021,2023-10-05T06:58:50Z,4.1591,417.147225,0.0002980351,0.00023689806,-999999999999.0,4802605.8,2,0,0.457587,-999999999999.0,-999999999999.0,-999999999999.0,-999999999999.0,-999999999999.0,168.3789508642705,m,m,m/m,m/m,m^2,m^2,1,m^3/s,m^3/s,m^3/s,m^3/s,m^3/s,m^3/s
81320300021,2023-10-09T14:03:34Z,3.6426,430.511859,-4.34121e-05,8.8251e-06,-999999999999.0,4956472.5,1,0,0.014754,-999999999999.0,-999999999999.0,-999999999999.0,-999999999999.0,-999999999999.0,223.34732394860873,m,m,m/m,m/m,m^2,m^2,1,m^3/s,m^3/s,m^3/s,m^3/s,m^3/s,m^3/s
81320300021,2023-10-10T14:04:15Z,10.403,323.092465,0.0009066651,0.00789364246,-999999999999.0,443391.4,2,0,0.995293,-999999999999.0,-999999999999.0,-999999999999.0,-999999999999.0,-999999999999.0,-999999999999.0,m,m,m/m,m/m,m^2,m^2,1,m^3/s,m^3/s,m^3/s,m^3/s,m^3/s,m^3/s
81320300021,2023-10-15T05:21:00Z,19.2039,443.363944,0.00212400454,0.00406796027,-999999999999.0,3197443.2,2,1,0.157916,-999999999999.0,-999999999999.0,-999999999999.0,-999999999999.0,-999999999999.0,-999999999999.0,m,m,m/m,m/m,m^2,m^2,1,m^3/s,m^3/s,m^3/s,m^3/s,m^3/s,m^3/s
81320300021,2023-10-19T12:25:42Z,9.2983,418.599432,0.00048147358,0.00051402243,-999999999999.0,2578221.6,2,1,0.955967,-999999999999.0,-999999999999.0,-999999999999.0,-999999999999.0,-999999999999.0,-999999999999.0,m,m,m/m,m/m,m^2,m^2,1,m^3/s,m^3/s,m^3/s,m^3/s,m^3/s,m^3/s
81320300021,2023-10-20T12:26:23Z,3.9451,420.568294,5.249948e-05,8.341541e-05,-999999999999.0,4841992.5,1,1,0.010356,283.81463682100826,-999999999999.0,339.78282839049143,227.8464452515251,-999999999999.0,283.371946903068,m,m,m/m,m/m,m^2,m^2,1,m^3/s,m^3/s,m^3/s,m^3/s,m^3/s,m^3/s
81320300021,2023-10-25T03:43:16Z,4.274,413.483889,-0.0001201991,-0.0001447468,-999999999999.0,4760429.9,1,1,0.078676,-999999999999.0,-999999999999.0,-999999999999.0,-999999999999.0,-999999999999.0,356.14735394423974,m,m,m/m,m/m,m^2,m^2,1,m^3/s,m^3/s,m^3/s,m^3/s,m^3/s,m^3/s
81320300021,2023-10-26T03:43:57Z,4.0844,450.132035,6.586683e-05,7.854658e-05,-999999999999.0,5182359.1,1,1,0.057027,321.1929934302051,-999999999999.0,358.0936862352341,284.29230062517615,-999999999999.0,319.2916352771018,m,m,m/m,m/m,m^2,m^2,1,m^3/s,m^3/s,m^3/s,m^3/s,m^3/s,m^3/s
81320300021,2023-10-30T10:48:39Z,5.2878,413.132451,-2.34365e-05,-8.577e-06,-999999999999.0,4756383.8,2,1,0.773792,-999999999999.0,-999999999999.0,-999999999999.0,-999999999999.0,-999999999999.0,421.2421540789998,m,m,m/m,m/m,m^2,m^2,1,m^3/s,m^3/s,m^3/s,m^3/s,m^3/s,m^3/s
81320300021,2023-10-31T10:49:20Z,5.7293,317.7948,0.0001568682,-0.0011187629,-999999999999.0,376165.9,2,1,0.92052,-999999999999.0,-999999999999.0,-999999999999.0,-999999999999.0,-999999999999.0,-999999999999.0,m,m,m/m,m/m,m^2,m^2,1,m^3/s,m^3/s,m^3/s,m^3/s,m^3/s,m^3/s
81320300021,2023-11-05T02:06:06Z,78.0415,531.054357,0.00982806619,0.01847386982,-999999999999.0,2766194.2,2,1,0.334674,-999999999999.0,-999999999999.0,-999999999999.0,-999999999999.0,-999999999999.0,-999999999999.0,m,m,m/m,m/m,m^2,m^2,1,m^3/s,m^3/s,m^3/s,m^3/s,m^3/s,m^3/s
81320300021,2023-11-09T09:10:48Z,9.1775,426.518117,0.0001391542,0.00066734675,-999999999999.0,2454584.4,2,1,0.989499,-999999999999.0,-999999999999.0,-999999999999.0,-999999999999.0,-999999999999.0,-999999999999.0,m,m,m/m,m/m,m^2,m^2,1,m^3/s,m^3/s,m^3/s,m^3/s,m^3/s,m^3/s
81320300021,2023-11-10T09:11:28Z,3.633,425.439064,0.00017751195,0.00010244501,-999999999999.0,4898069.6,2,1,0.150823,161.99958399539935,-999999999999.0,-999999999999.0,161.99958399539935,-999999999999.0,181.10889979918687,m,m,m/m,m/m,m^2,m^2,1,m^3/s,m^3/s,m^3/s,m^3/s,m^3/s,m^3/s
81320300021,2023-11-15T00:28:21Z,3.1814,345.998411,0.00015813602,-3.67656e-05,-999999999999.0,3983471.3,2,2,0.580481,-999999999999.0,-999999999999.0,-999999999999.0,-999999999999.0,-999999999999.0,-999999999999.0,m,m,m/m,m/m,m^2,m^2,1,m^3/s,m^3/s,m^3/s,m^3/s,m^3/s,m^3/s
81320300021,2023-11-16T00:29:00Z,3.9281,446.140198,4.507458e-05,-3.74103e-05,-999999999999.0,5136401.2,2,2,0.563714,-999999999999.0,-999999999999.0,-999999999999.0,-999999999999.0,-999999999999.0,-999999999999.0,m,m,m/m,m/m,m^2,m^2,1,m^3/s,m^3/s,m^3/s,m^3/s,m^3/s,m^3/s
81320300021,2023-11-20T07:33:44Z,3.4806,486.995782,4.432774e-05,8.271076e-05,-999999999999.0,5606770.6,1,2,0.268609,-999999999999.0,-999999999999.0,-999999999999.0,-999999999999.0,-999999999999.0,-999999999999.0,m,m,m/m,m/m,m^2,m^2,1,m^3/s,m^3/s,m^3/s,m^3/s,m^3/s,m^3/s
81320300021,2023-11-21T07:34:25Z,15.2951,356.107034,0.001226486,-0.0105957189,-999999999999.0,421515.1,2,2,0.988207,-999999999999.0,-999999999999.0,-999999999999.0,-999999999999.0,-999999999999.0,-999999999999.0,m,m,m/m,m/m,m^2,m^2,1,m^3/s,m^3/s,m^3/s,m^3/s,m^3/s,m^3/s
81320300021,2023-11-25T22:51:11Z,8.8045,587.877343,0.00021251613,1.8559e-05,-999999999999.0,2570157.7,2,2,0.442898,-999999999999.0,-999999999999.0,-999999999999.0,-999999999999.0,-999999999999.0,-999999999999.0,m,m,m/m,m/m,m^2,m^2,1,m^3/s,m^3/s,m^3/s,m^3/s,m^3/s,m^3/s
81320300021,2023-11-30T05:55:53Z,-0.0907,414.922924,0.00138127162,0.00056033046,-999999999999.0,2470884.7,2,2,0.993137,-999999999999.0,-999999999999.0,-999999999999.0,-999999999999.0,-999999999999.0,-999999999999.0,m,m,m/m,m/m,m^2,m^2,1,m^3/s,m^3/s,m^3/s,m^3/s,m^3/s,m^3/s
81320300021,2023-12-01T05:56:34Z,3.4457,420.760156,0.00010631654,0.00011255652,-999999999999.0,4844201.4,1,2,0.134663,-999999999999.0,-999999999999.0,-999999999999.0,-999999999999.0,-999999999999.0,-999999999999.0,m,m,m/m,m/m,m^2,m^2,1,m^3/s,m^3/s,m^3/s,m^3/s,m^3/s,m^3/s
81320300021,2023-12-05T21:13:27Z,7.8052,351.034693,0.0003360159,0.00060811349,-999999999999.0,4041453.8,2,2,0.546033,-999999999999.0,-999999999999.0,-999999999999.0,-999999999999.0,-999999999999.0,-999999999999.0,m,m,m/m,m/m,m^2,m^2,1,m^3/s,m^3/s,m^3/s,m^3/s,m^3/s,m^3/s
81320300021,2023-12-06T21:14:05Z,3.4387,437.594654,-0.0010123503,-6.80054e-05,-999999999999.0,5038016.6,2,2,0.48907,-999999999999.0,-999999999999.0,-999999999999.0,-999999999999.0,-999999999999.0,-999999999999.0,m,m,m/m,m/m,m^2,m^2,1,m^3/s,m^3/s,m^3/s,m^3/s,m^3/s,m^3/s
81320300021,2023-12-11T04:18:49Z,3.3298,482.994783,4.885796e-05,6.292216e-05,-999999999999.0,5560707.1,1,2,0.04744,-999999999999.0,-999999999999.0,-999999999999.0,-999999999999.0,-999999999999.0,-999999999999.0,m,m,m/m,m/m,m^2,m^2,1,m^3/s,m^3/s,m^3/s,m^3/s,m^3/s,m^3/s
81320300021,2023-12-12T04:19:30Z,31.038,358.640429,0.00257477012,-0.0426642859,-999999999999.0,424513.8,2,2,0.993432,-999999999999.0,-999999999999.0,-999999999999.0,-999999999999.0,-999999999999.0,-999999999999.0,m,m,m/m,m/m,m^2,m^2,1,m^3/s,m^3/s,m^3/s,m^3/s,m^3/s,m^3/s
81320300021,2023-12-16T19:36:14Z,-6.3316,342.683681,-0.0031159562,-0.0008472455,-999999999999.0,2179507.3,2,2,0.76076,-999999999999.0,-999999999999.0,-999999999999.0,-999999999999.0,-999999999999.0,-999999999999.0,m,m,m/m,m/m,m^2,m^2,1,m^3/s,m^3/s,m^3/s,m^3/s,m^3/s,m^3/s
81320300021,2023-12-21T02:40:57Z,14.9167,421.344558,-0.0008265919,0.00328070211,-999999999999.0,2424810.9,2,2,0.994948,-999999999999.0,-999999999999.0,-999999999999.0,-999999999999.0,-999999999999.0,-999999999999.0,m,m,m/m,m/m,m^2,m^2,1,m^3/s,m^3/s,m^3/s,m^3/s,m^3/s,m^3/s
81320300021,2023-12-22T02:41:38Z,3.859,415.642984,0.00061775055,0.00034227297,-999999999999.0,4785287.5,2,2,0.271592,-999999999999.0,-999999999999.0,-999999999999.0,-999999999999.0,-999999999999.0,-999999999999.0,m,m,m/m,m/m,m^2,m^2,1,m^3/s,m^3/s,m^3/s,m^3/s,m^3/s,m^3/s
81320300021,2024-01-01T01:03:55Z,4.0653,446.124458,-0.0001783132,-0.0001637939,-999999999999.0,5136220.0,2,2,0.539944,-999999999999.0,-999999999999.0,-999999999999.0,-999999999999.0,-999999999999.0,-999999999999.0,m,m,m/m,m/m,m^2,m^2,1,m^3/s,m^3/s,m^3/s,m^3/s,m^3/s,m^3/s
81320300021,2024-01-02T01:04:36Z,26.0268,345.693974,0.00144725308,0.00446586785,-999999999999.0,409189.4,2,2,0.998453,-999999999999.0,-999999999999.0,-999999999999.0,-999999999999.0,-999999999999.0,-999999999999.0,m,m,m/m,m/m,m^2,m^2,1,m^3/s,m^3/s,m^3/s,m^3/s,m^3/s,m^3/s
81320300021,2024-01-06T16:21:21Z,2.9326,448.511061,-0.000389359,-0.0006012959,-999999999999.0,1954244.6,2,2,0.887186,-999999999999.0,-999999999999.0,-999999999999.0,-999999999999.0,-999999999999.0,-999999999999.0,m,m,m/m,m/m,m^2,m^2,1,m^3/s,m^3/s,m^3/s,m^3/s,m^3/s,m^3/s
81320300021,2024-01-10T23:26:02Z,11.4166,412.382415,-0.0009536176,0.00053028505,-999999999999.0,2455755.8,2,2,0.989995,-999999999999.0,-999999999999.0,-999999999999.0,-999999999999.0,-999999999999.0,-999999999999.0,m,m,m/m,m/m,m^2,m^2,1,m^3/s,m^3/s,m^3/s,m^3/s,m^3/s,m^3/s
81320300021,2024-01-11T23:26:43Z,3.4223,440.292181,-0.0001489081,-1.37551e-05,-999999999999.0,5069073.1,2,2,0.112218,-999999999999.0,-999999999999.0,-999999999999.0,-999999999999.0,-999999999999.0,-999999999999.0,m,m,m/m,m/m,m^2,m^2,1,m^3/s,m^3/s,m^3/s,m^3/s,m^3/s,m^3/s
81320300021,2024-01-17T14:44:18Z,-3.5993,306.776601,2.39657e-06,0.0003969795,-999999999999.0,3531911.5,2,2,0.737688,-999999999999.0,-999999999999.0,-999999999999.0,-999999999999.0,-999999999999.0,-999999999999.0,m,m,m/m,m/m,m^2,m^2,1,m^3/s,m^3/s,m^3/s,m^3/s,m^3/s,m^3/s
81320300021,2024-01-21T21:49:01Z,3.1331,482.644698,-0.000134809,-5.06361e-05,-999999999999.0,5556676.6,2,2,0.360897,-999999999999.0,-999999999999.0,-999999999999.0,-999999999999.0,-999999999999.0,-999999999999.0,m,m,m/m,m/m,m^2,m^2,1,m^3/s,m^3/s,m^3/s,m^3/s,m^3/s,m^3/s
81320300021,2024-01-27T13:06:27Z,0.8772,391.665915,-0.0009105916,-0.0011029044,-999999999999.0,1705996.7,2,2,0.916165,-999999999999.0,-999999999999.0,-999999999999.0,-999999999999.0,-999999999999.0,-999999999999.0,m,m,m/m,m/m,m^2,m^2,1,m^3/s,m^3/s,m^3/s,m^3/s,m^3/s,m^3/s
81320300021,2024-01-31T20:11:09Z,12.3245,424.618672,-0.0010122293,0.00170364751,-999999999999.0,2443653.3,2,2,0.991751,-999999999999.0,-999999999999.0,-999999999999.0,-999999999999.0,-999999999999.0,-999999999999.0,m,m,m/m,m/m,m^2,m^2,1,m^3/s,m^3/s,m^3/s,m^3/s,m^3/s,m^3/s
81320300021,2024-02-01T20:11:50Z,3.2485,391.885669,7.461647e-05,4.709373e-05,-999999999999.0,4511770.1,2,2,0.605969,-999999999999.0,-999999999999.0,-999999999999.0,-999999999999.0,-999999999999.0,-999999999999.0,m,m,m/m,m/m,m^2,m^2,1,m^3/s,m^3/s,m^3/s,m^3/s,m^3/s,m^3/s
81320300021,2024-02-06T11:28:42Z,2.2804,338.420927,-3.47057e-05,-5.81593e-05,-999999999999.0,3896231.9,2,2,0.355253,-999999999999.0,-999999999999.0,-999999999999.0,-999999999999.0,-999999999999.0,-999999999999.0,m,m,m/m,m/m,m^2,m^2,1,m^3/s,m^3/s,m^3/s,m^3/s,m^3/s,m^3/s
81320300021,2024-02-07T11:29:23Z,2.8194,419.559697,-0.0008891605,-0.0006676952,-999999999999.0,4830380.6,2,2,0.860545,-999999999999.0,-999999999999.0,-999999999999.0,-999999999999.0,-999999999999.0,-999999999999.0,m,m,m/m,m/m,m^2,m^2,1,m^3/s,m^3/s,m^3/s,m^3/s,m^3/s,m^3/s
81320300021,2024-02-11T18:34:05Z,3.0859,468.418717,-0.000252089,-0.0002145876,-999999999999.0,5392893.3,2,2,0.440178,-999999999999.0,-999999999999.0,-999999999999.0,-999999999999.0,-999999999999.0,-999999999999.0,m,m,m/m,m/m,m^2,m^2,1,m^3/s,m^3/s,m^3/s,m^3/s,m^3/s,m^3/s
81320300021,2024-02-12T18:34:46Z,-999999999999.0,283.718335,-999999999999.0,-999999999999.0,-999999999999.0,389356.9,3,2,0.995338,-999999999999.0,-999999999999.0,-999999999999.0,-999999999999.0,-999999999999.0,-999999999999.0,m,m,m/m,m/m,m^2,m^2,1,m^3/s,m^3/s,m^3/s,m^3/s,m^3/s,m^3/s
81320300021,2024-02-17T09:51:32Z,67.2967,741.411891,0.00908131333,0.01270623233,-999999999999.0,3525471.7,2,2,0.457682,-999999999999.0,-999999999999.0,-999999999999.0,-999999999999.0,-999999999999.0,-999999999999.0,m,m,m/m,m/m,m^2,m^2,1,m^3/s,m^3/s,m^3/s,m^3/s,m^3/s,m^3/s
81320300021,2024-02-21T16:56:14Z,7.31,419.960467,-0.000646369,-0.0011215094,-999999999999.0,2586604.4,2,2,0.933613,-999999999999.0,-999999999999.0,-999999999999.0,-999999999999.0,-999999999999.0,-999999999999.0,m,m,m/m,m/m,m^2,m^2,1,m^3/s,m^3/s,m^3/s,m^3/s,m^3/s,m^3/s
81320300021,2024-02-22T16:56:55Z,3.4913,497.115123,-6.81448e-05,-3.31899e-05,-999999999999.0,5723274.3,2,2,0.007889,-999999999999.0,-999999999999.0,-999999999999.0,-999999999999.0,-999999999999.0,-999999999999.0,m,m,m/m,m/m,m^2,m^2,1,m^3/s,m^3/s,m^3/s,m^3/s,m^3/s,m^3/s
81320300021,2024-02-27T08:13:48Z,-4.1129,444.139476,-0.0001408835,0.00092136566,-999999999999.0,5113366.9,2,2,0.217237,-999999999999.0,-999999999999.0,-999999999999.0,-999999999999.0,-999999999999.0,-999999999999.0,m,m,m/m,m/m,m^2,m^2,1,m^3/s,m^3/s,m^3/s,m^3/s,m^3/s,m^3/s
81320300021,2024-02-28T08:14:26Z,3.65,458.715613,1.48344e-05,-1.90536e-05,-999999999999.0,5281181.7,1,2,0.325553,-999999999999.0,-999999999999.0,-999999999999.0,-999999999999.0,-999999999999.0,-999999999999.0,m,m,m/m,m/m,m^2,m^2,1,m^3/s,m^3/s,m^3/s,m^3/s,m^3/s,m^3/s
81320300021,2024-03-03T15:19:10Z,1.492,485.831274,-0.0001342598,-4.86055e-05,-999999999999.0,5593363.6,2,2,0.414644,-999999999999.0,-999999999999.0,-999999999999.0,-999999999999.0,-999999999999.0,-999999999999.0,m,m,m/m,m/m,m^2,m^2,1,m^3/s,m^3/s,m^3/s,m^3/s,m^3/s,m^3/s
81320300021,2024-03-04T15:19:51Z,-999999999999.0,303.006012,-999999999999.0,-999999999999.0,-999999999999.0,302535.7,3,2,0.994133,-999999999999.0,-999999999999.0,-999999999999.0,-999999999999.0,-999999999999.0,-999999999999.0,m,m,m/m,m/m,m^2,m^2,1,m^3/s,m^3/s,m^3/s,m^3/s,m^3/s,m^3/s
81320300021,2024-03-09T06:36:35Z,43.001,569.029532,0.00475943832,0.00549850089,-999999999999.0,2703446.0,2,2,0.524354,-999999999999.0,-999999999999.0,-999999999999.0,-999999999999.0,-999999999999.0,-999999999999.0,m,m,m/m,m/m,m^2,m^2,1,m^3/s,m^3/s,m^3/s,m^3/s,m^3/s,m^3/s
81320300021,2024-03-13T13:41:16Z,10.469,420.246217,-0.0004354883,-0.0009804669,-999999999999.0,2502585.1,2,2,0.97929,-999999999999.0,-999999999999.0,-999999999999.0,-999999999999.0,-999999999999.0,-999999999999.0,m,m,m/m,m/m,m^2,m^2,1,m^3/s,m^3/s,m^3/s,m^3/s,m^3/s,m^3/s
81320300021,2024-03-14T13:41:58Z,3.6875,461.521619,-0.0004075266,-0.0001124412,-999999999999.0,5313487.1,2,2,0.113978,-999999999999.0,-999999999999.0,-999999999999.0,-999999999999.0,-999999999999.0,-999999999999.0,m,m,m/m,m/m,m^2,m^2,1,m^3/s,m^3/s,m^3/s,m^3/s,m^3/s,m^3/s
81320300021,2024-03-19T04:58:50Z,6.6622,394.21997,-0.0031376421,-0.0003310336,-999999999999.0,4538644.9,1,2,0.236848,-999999999999.0,-999999999999.0,-999999999999.0,-999999999999.0,-999999999999.0,-999999999999.0,m,m,m/m,m/m,m^2,m^2,1,m^3/s,m^3/s,m^3/s,m^3/s,m^3/s,m^3/s
81320300021,2024-03-20T04:59:30Z,4.5599,438.370118,-0.0001458512,-0.0002366251,-999999999999.0,5046944.5,1,2,0.555401,-999999999999.0,-999999999999.0,-999999999999.0,-999999999999.0,-999999999999.0,-999999999999.0,m,m,m/m,m/m,m^2,m^2,1,m^3/s,m^3/s,m^3/s,m^3/s,m^3/s,m^3/s
81320300021,2024-03-30T03:21:39Z,47.6124,576.014808,0.00404566527,0.0205166767,-999999999999.0,2390608.8,2,2,0.663745,-999999999999.0,-999999999999.0,-999999999999.0,-999999999999.0,-999999999999.0,-999999999999.0,m,m,m/m,m/m,m^2,m^2,1,m^3/s,m^3/s,m^3/s,m^3/s,m^3/s,m^3/s
81320300021,2024-04-09T01:43:55Z,1.6387,455.871305,-0.0011411383,0.0001031237,-999999999999.0,5248435.2,2,2,0.209294,-999999999999.0,-999999999999.0,-999999999999.0,-999999999999.0,-999999999999.0,-999999999999.0,m,m,m/m,m/m,m^2,m^2,1,m^3/s,m^3/s,m^3/s,m^3/s,m^3/s,m^3/s
81320300021,2024-04-10T01:44:28Z,3.9004,451.515369,-0.0001248576,-0.0001352397,-999999999999.0,5198285.4,1,2,0.223543,-999999999999.0,-999999999999.0,-999999999999.0,-999999999999.0,-999999999999.0,-999999999999.0,m,m,m/m,m/m,m^2,m^2,1,m^3/s,m^3/s,m^3/s,m^3/s,m^3/s,m^3/s
81320300021,2024-04-20T00:06:45Z,88.7422,509.839835,0.01152586929,0.01749667728,-999999999999.0,2525013.4,2,2,0.42624,-999999999999.0,-999999999999.0,-999999999999.0,-999999999999.0,-999999999999.0,-999999999999.0,m,m,m/m,m/m,m^2,m^2,1,m^3/s,m^3/s,m^3/s,m^3/s,m^3/s,m^3/s
81320300021,2024-04-24T07:11:27Z,15.0426,421.029986,-0.0003641851,-0.0034246817,-999999999999.0,2250852.4,2,2,0.992209,-999999999999.0,-999999999999.0,-999999999999.0,-999999999999.0,-999999999999.0,-999999999999.0,m,m,m/m,m/m,m^2,m^2,1,m^3/s,m^3/s,m^3/s,m^3/s,m^3/s,m^3/s
81320300021,2024-04-25T07:12:08Z,3.1424,386.682819,0.0002224561,0.00012456519,-999999999999.0,4451869.9,1,2,0.738922,-999999999999.0,-999999999999.0,-999999999999.0,-999999999999.0,-999999999999.0,-999999999999.0,m,m,m/m,m/m,m^2,m^2,1,m^3/s,m^3/s,m^3/s,m^3/s,m^3/s,m^3/s
81320300021,2024-04-30T22:29:38Z,4.7416,410.650446,0.00013346848,0.00014882943,-999999999999.0,4727808.6,2,1,0.827592,-999999999999.0,-999999999999.0,-999999999999.0,-999999999999.0,-999999999999.0,251.64959198625704,m,m,m/m,m/m,m^2,m^2,1,m^3/s,m^3/s,m^3/s,m^3/s,m^3/s,m^3/s
81320300021,2024-05-05T05:34:22Z,4.0013,448.824049,1.345376e-05,6.519613e-05,-999999999999.0,5167300.3,1,1,0.387388,231.63725823551022,-999999999999.0,-999999999999.0,231.63725823551022,-999999999999.0,307.90222502855585,m,m,m/m,m/m,m^2,m^2,1,m^3/s,m^3/s,m^3/s,m^3/s,m^3/s,m^3/s
81320300021,2024-05-06T05:35:03Z,26.1648,343.511534,0.00258965772,-0.0031476654,-999999999999.0,687185.4,2,1,0.977464,-999999999999.0,-999999999999.0,-999999999999.0,-999999999999.0,-999999999999.0,-999999999999.0,m,m,m/m,m/m,m^2,m^2,1,m^3/s,m^3/s,m^3/s,m^3/s,m^3/s,m^3/s
81320300021,2024-05-10T20:51:49Z,1.279,465.014969,-0.0005945148,-0.0008181912,-999999999999.0,1570878.6,2,1,0.095314,-999999999999.0,-999999999999.0,-999999999999.0,-999999999999.0,-999999999999.0,-999999999999.0,m,m,m/m,m/m,m^2,m^2,1,m^3/s,m^3/s,m^3/s,m^3/s,m^3/s,m^3/s
81320300021,2024-05-15T03:56:31Z,8.2916,411.742096,0.00040579159,0.00072853636,-999999999999.0,2369549.4,2,1,0.988625,-999999999999.0,-999999999999.0,-999999999999.0,-999999999999.0,-999999999999.0,-999999999999.0,m,m,m/m,m/m,m^2,m^2,1,m^3/s,m^3/s,m^3/s,m^3/s,m^3/s,m^3/s
81320300021,2024-05-16T03:57:12Z,4.2836,385.867243,1.25458e-05,7.012693e-05,-999999999999.0,4442480.2,1,1,0.084363,294.20081465432276,-999999999999.0,-999999999999.0,294.20081465432276,-999999999999.0,374.8374860332585,m,m,m/m,m/m,m^2,m^2,1,m^3/s,m^3/s,m^3/s,m^3/s,m^3/s,m^3/s
81320300021,2024-05-20T19:14:05Z,7.8729,275.161901,0.00037640088,0.00050215351,-999999999999.0,3167932.3,2,0,0.876282,-999999999999.0,-999999999999.0,-999999999999.0,-999999999999.0,-999999999999.0,535.4311659567543,m,m,m/m,m/m,m^2,m^2,1,m^3/s,m^3/s,m^3/s,m^3/s,m^3/s,m^3/s
81320300021,2024-05-21T19:14:43Z,5.9096,425.69955,0.00031159243,0.0001306953,-999999999999.0,4901068.5,1,0,0.69009,-999999999999.0,-999999999999.0,-999999999999.0,-999999999999.0,-999999999999.0,639.1207510351269,m,m,m/m,m/m,m^2,m^2,1,m^3/s,m^3/s,m^3/s,m^3/s,m^3/s,m^3/s
81320300021,2024-05-26T02:19:27Z,4.7546,305.64454,7.795207e-05,8.81254e-05,-999999999999.0,3333130.7,2,0,0.033038,-999999999999.0,-999999999999.0,-999999999999.0,-999999999999.0,-999999999999.0,-999999999999.0,m,m,m/m,m/m,m^2,m^2,1,m^3/s,m^3/s,m^3/s,m^3/s,m^3/s,m^3/s
81320300021,2024-05-27T02:20:08Z,5.413,268.395198,0.00034595531,0.00615404768,-999999999999.0,423112.4,2,0,0.989663,-999999999999.0,-999999999999.0,-999999999999.0,-999999999999.0,-999999999999.0,-999999999999.0,m,m,m/m,m/m,m^2,m^2,1,m^3/s,m^3/s,m^3/s,m^3/s,m^3/s,m^3/s
81320300021,2024-05-31T17:36:54Z,261.8689,45.614057,0.02592352685,0.04788774714,-999999999999.0,90815.6,2,0,0.0,-999999999999.0,-999999999999.0,-999999999999.0,-999999999999.0,-999999999999.0,-999999999999.0,m,m,m/m,m/m,m^2,m^2,1,m^3/s,m^3/s,m^3/s,m^3/s,m^3/s,m^3/s
81320300021,2024-06-05T00:41:37Z,4.9246,409.524177,9.645827e-05,0.00011991226,-999999999999.0,2600800.2,2,0,0.705327,-999999999999.0,-999999999999.0,-999999999999.0,-999999999999.0,-999999999999.0,-999999999999.0,m,m,m/m,m/m,m^2,m^2,1,m^3/s,m^3/s,m^3/s,m^3/s,m^3/s,m^3/s
81320300021,2024-06-06T00:42:18Z,4.7362,485.558956,4.875647e-05,7.463504e-05,-999999999999.0,5590228.4,1,0,0.001565,595.7686500295576,-999999999999.0,563.7271178465259,627.8101822125894,-999999999999.0,499.14235417824585,m,m,m/m,m/m,m^2,m^2,1,m^3/s,m^3/s,m^3/s,m^3/s,m^3/s,m^3/s
81320300021,2024-06-10T15:59:10Z,5.8,334.018704,6.311849e-05,0.00013234023,-999999999999.0,3845549.2,2,0,0.57331,-999999999999.0,-999999999999.0,-999999999999.0,-999999999999.0,-999999999999.0,630.3556838070731,m,m,m/m,m/m,m^2,m^2,1,m^3/s,m^3/s,m^3/s,m^3/s,m^3/s,m^3/s
81320300021,2024-06-11T15:59:49Z,5.5541,468.77702,6.771233e-05,8.79795e-05,-999999999999.0,5397018.4,1,0,0.128781,1370.7575159664616,-999999999999.0,-999999999999.0,1370.7575159664616,-999999999999.0,693.448405549862,m,m,m/m,m/m,m^2,m^2,1,m^3/s,m^3/s,m^3/s,m^3/s,m^3/s,m^3/s
81320300021,2024-06-15T23:04:33Z,4.8231,447.729048,6.289007e-05,7.646166e-05,-999999999999.0,5154693.6,1,0,0.00214,638.8655397433234,-999999999999.0,-999999999999.0,638.8655397433234,-999999999999.0,523.6522388255822,m,m,m/m,m/m,m^2,m^2,1,m^3/s,m^3/s,m^3/s,m^3/s,m^3/s,m^3/s
81320300021,2024-06-16T23:05:14Z,4.7148,407.21833,0.00010470498,-0.0005974494,-999999999999.0,406586.2,2,0,0.012171,-999999999999.0,-999999999999.0,-999999999999.0,-999999999999.0,-999999999999.0,-999999999999.0,m,m,m/m,m/m,m^2,m^2,1,m^3/s,m^3/s,m^3/s,m^3/s,m^3/s,m^3/s
81320300021,no_data,-999999999999.0,0.152379,-999999999999.0,-999999999999.0,-999999999999.0,66.1,3,0,0.0,-999999999999.0,-999999999999.0,-999999999999.0,-999999999999.0,-999999999999.0,-999999999999.0,m,m,m/m,m/m,m^2,m^2,1,m^3/s,m^3/s,m^3/s,m^3/s,m^3/s,m^3/s
81320300021,2024-06-25T21:26:40Z,3.4927,415.181282,0.00012170653,0.00011668181,-999999999999.0,2472423.2,1,0,0.319616,-999999999999.0,-999999999999.0,-999999999999.0,-999999999999.0,-999999999999.0,-999999999999.0,m,m,m/m,m/m,m^2,m^2,1,m^3/s,m^3/s,m^3/s,m^3/s,m^3/s,m^3/s
81320300021,2024-06-26T21:27:21Z,3.064,407.996356,-6.5991e-06,3.550628e-05,-999999999999.0,4697252.1,2,0,0.07113,-999999999999.0,-999999999999.0,-999999999999.0,-999999999999.0,-999999999999.0,-999999999999.0,m,m,m/m,m/m,m^2,m^2,1,m^3/s,m^3/s,m^3/s,m^3/s,m^3/s,m^3/s
81320300021,2024-07-01T12:44:13Z,3.3213,410.007729,5.627481e-05,5.851733e-05,-999999999999.0,4720409.0,1,0,0.050647,103.95809816329135,-999999999999.0,138.58167834284419,69.33451798373852,-999999999999.0,161.90030639135742,m,m,m/m,m/m,m^2,m^2,1,m^3/s,m^3/s,m^3/s,m^3/s,m^3/s,m^3/s
81320300021,2024-07-02T12:44:54Z,3.2159,413.249962,6.084532e-05,6.498561e-05,-999999999999.0,4757736.7,1,0,0.033114,92.054814328581,-999999999999.0,123.949270852732,60.16035780443,-999999999999.0,144.90119839313118,m,m,m/m,m/m,m^2,m^2,1,m^3/s,m^3/s,m^3/s,m^3/s,m^3/s,m^3/s
81320300021,2024-07-06T19:49:35Z,4.5508,486.705503,7.403428e-05,7.111517e-05,-999999999999.0,5603428.6,1,0,0.003981,496.8618225771479,-999999999999.0,488.34070793194195,505.3829372223539,-999999999999.0,445.2201093895574,m,m,m/m,m/m,m^2,m^2,1,m^3/s,m^3/s,m^3/s,m^3/s,m^3/s,m^3/s
81320300021,2024-07-07T19:50:17Z,4.8255,381.497613,7.073314e-05,-0.0002216636,-999999999999.0,601413.0,1,0,0.044456,-999999999999.0,-999999999999.0,-999999999999.0,-999999999999.0,-999999999999.0,-999999999999.0,m,m,m/m,m/m,m^2,m^2,1,m^3/s,m^3/s,m^3/s,m^3/s,m^3/s,m^3/s
81320300021,2024-07-12T11:07:02Z,55.1587,210.894127,0.00650040262,0.0098155791,-999999999999.0,379813.3,2,0,0.210723,-999999999999.0,-999999999999.0,-999999999999.0,-999999999999.0,-999999999999.0,-999999999999.0,m,m,m/m,m/m,m^2,m^2,1,m^3/s,m^3/s,m^3/s,m^3/s,m^3/s,m^3/s
81320300021,2024-07-16T18:11:45Z,4.9729,442.647079,0.0004188181,0.00056840805,-999999999999.0,2547405.6,2,0,0.730241,-999999999999.0,-999999999999.0,-999999999999.0,-999999999999.0,-999999999999.0,-999999999999.0,m,m,m/m,m/m,m^2,m^2,1,m^3/s,m^3/s,m^3/s,m^3/s,m^3/s,m^3/s
81320300021,2024-07-17T18:12:25Z,4.4315,470.51284,6.358161e-05,7.940151e-05,-999999999999.0,5417002.8,1,0,0.002712,466.6026489872122,-999999999999.0,480.69689524295944,452.50840273146497,-999999999999.0,413.24542951328704,m,m,m/m,m/m,m^2,m^2,1,m^3/s,m^3/s,m^3/s,m^3/s,m^3/s,m^3/s
81320300021,2024-07-22T09:29:19Z,4.9671,308.23819,0.00045553794,0.0001515576,-999999999999.0,3548738.8,2,0,0.884103,-999999999999.0,-999999999999.0,-999999999999.0,-999999999999.0,-999999999999.0,-999999999999.0,m,m,m/m,m/m,m^2,m^2,1,m^3/s,m^3/s,m^3/s,m^3/s,m^3/s,m^3/s
81320300021,2024-07-23T09:29:57Z,3.8058,418.563015,7.889573e-05,5.044337e-05,-999999999999.0,4818905.8,1,0,0.048069,144.9985336857488,-999999999999.0,-999999999999.0,144.9985336857488,-999999999999.0,257.7816399930877,m,m,m/m,m/m,m^2,m^2,1,m^3/s,m^3/s,m^3/s,m^3/s,m^3/s,m^3/s
81320300021,2024-07-27T16:34:41Z,3.4184,447.007277,5.269128e-05,5.715357e-05,-999999999999.0,5146383.9,1,0,0.015406,88.96070455847774,-999999999999.0,-999999999999.0,88.96070455847774,-999999999999.0,179.05109203479338,m,m,m/m,m/m,m^2,m^2,1,m^3/s,m^3/s,m^3/s,m^3/s,m^3/s,m^3/s
81320300021,2024-07-28T16:35:22Z,4.0802,318.753833,0.00016228014,-0.0006806268,-999999999999.0,437437.4,1,0,0.139288,-999999999999.0,-999999999999.0,-999999999999.0,-999999999999.0,-999999999999.0,-999999999999.0,m,m,m/m,m/m,m^2,m^2,1,m^3/s,m^3/s,m^3/s,m^3/s,m^3/s,m^3/s
81320300021,2024-08-02T07:52:06Z,24.3615,659.831482,0.00105147649,0.00012053858,-999999999999.0,3033383.3,2,0,0.05489,-999999999999.0,-999999999999.0,-999999999999.0,-999999999999.0,-999999999999.0,-999999999999.0,m,m,m/m,m/m,m^2,m^2,1,m^3/s,m^3/s,m^3/s,m^3/s,m^3/s,m^3/s
81320300021,2024-08-06T14:56:49Z,4.1449,395.346133,0.00061413991,0.00091169655,-999999999999.0,2435000.8,2,0,0.999241,-999999999999.0,-999999999999.0,-999999999999.0,-999999999999.0,-999999999999.0,-999999999999.0,m,m,m/m,m/m,m^2,m^2,1,m^3/s,m^3/s,m^3/s,m^3/s,m^3/s,m^3/s
81320300021,2024-08-07T14:57:30Z,6.0488,241.79412,8.148048e-05,6.777997e-05,-999999999999.0,2216697.4,2,0,0.613651,-999999999999.0,-999999999999.0,-999999999999.0,-999999999999.0,-999999999999.0,471.78518899663754,m,m,m/m,m/m,m^2,m^2,1,m^3/s,m^3/s,m^3/s,m^3/s,m^3/s,m^3/s
81320300021,2024-08-12T06:14:24Z,4.7332,421.172711,7.989646e-05,7.723153e-05,-999999999999.0,4848951.1,1,0,0.141063,591.6325136062994,-999999999999.0,632.6374512293711,550.6275759832276,-999999999999.0,497.52434933985717,m,m,m/m,m/m,m^2,m^2,1,m^3/s,m^3/s,m^3/s,m^3/s,m^3/s,m^3/s
81320300021,2024-08-13T06:15:02Z,4.7051,384.054942,-6.49032e-05,4.2491e-05,-999999999999.0,4421615.2,2,0,0.715358,-999999999999.0,-999999999999.0,-999999999999.0,-999999999999.0,-999999999999.0,417.5008014279686,m,m,m/m,m/m,m^2,m^2,1,m^3/s,m^3/s,m^3/s,m^3/s,m^3/s,m^3/s
81320300021,2024-08-17T13:19:46Z,5.0801,244.690678,-7.3384e-05,1.943072e-05,-999999999999.0,1454476.1,1,0,0.031698,-999999999999.0,-999999999999.0,-999999999999.0,-999999999999.0,-999999999999.0,519.4714023917647,m,m,m/m,m/m,m^2,m^2,1,m^3/s,m^3/s,m^3/s,m^3/s,m^3/s,m^3/s
81320300021,2024-08-18T13:20:27Z,5.5011,375.758513,0.00010546572,-0.0001634615,-999999999999.0,444776.1,1,0,0.042409,-999999999999.0,-999999999999.0,-999999999999.0,-999999999999.0,-999999999999.0,-999999999999.0,m,m,m/m,m/m,m^2,m^2,1,m^3/s,m^3/s,m^3/s,m^3/s,m^3/s,m^3/s
81320300021,2024-08-27T11:41:53Z,7.1601,445.285805,0.0008768239,0.00082283046,-999999999999.0,2562591.3,2,0,0.60993,-999999999999.0,-999999999999.0,-999999999999.0,-999999999999.0,-999999999999.0,-999999999999.0,m,m,m/m,m/m,m^2,m^2,1,m^3/s,m^3/s,m^3/s,m^3/s,m^3/s,m^3/s
81320300021,2024-08-28T11:42:34Z,7.7881,334.741685,0.00045764712,8.382664e-05,-999999999999.0,3853872.8,2,0,0.88935,-999999999999.0,-999999999999.0,-999999999999.0,-999999999999.0,-999999999999.0,522.607456596964,m,m,m/m,m/m,m^2,m^2,1,m^3/s,m^3/s,m^3/s,m^3/s,m^3/s,m^3/s
81320300021,2024-09-02T02:59:29Z,4.6884,457.752764,7.562975e-05,7.322177e-05,-999999999999.0,5270096.4,1,0,0.003766,560.8844565960012,-999999999999.0,565.2273199786412,556.5415932133614,-999999999999.0,484.43703252360393,m,m,m/m,m/m,m^2,m^2,1,m^3/s,m^3/s,m^3/s,m^3/s,m^3/s,m^3/s
81320300021,2024-09-03T03:00:01Z,6.3197,386.601012,0.00035897739,0.00040898158,-999999999999.0,4450928.0,2,0,0.879926,-999999999999.0,-999999999999.0,-999999999999.0,-999999999999.0,-999999999999.0,401.20860239718905,m,m,m/m,m/m,m^2,m^2,1,m^3/s,m^3/s,m^3/s,m^3/s,m^3/s,m^3/s
81320300021,2024-09-07T10:04:52Z,3.8678,224.893468,8.042899e-05,6.911713e-05,-999999999999.0,1339348.0,1,0,0.023215,-999999999999.0,-999999999999.0,-999999999999.0,-999999999999.0,-999999999999.0,270.6227263991693,m,m,m/m,m/m,m^2,m^2,1,m^3/s,m^3/s,m^3/s,m^3/s,m^3/s,m^3/s
81320300021,2024-09-08T10:05:32Z,4.3335,344.476275,0.00014957852,-0.000593354,-999999999999.0,472737.2,1,0,0.060989,-999999999999.0,-999999999999.0,-999999999999.0,-999999999999.0,-999999999999.0,-999999999999.0,m,m,m/m,m/m,m^2,m^2,1,m^3/s,m^3/s,m^3/s,m^3/s,m^3/s,m^3/s
81320300021,2024-09-13T01:22:16Z,88.3951,81.25469,0.00957000522,0.03345606369,-999999999999.0,319960.3,2,0,0.086743,-999999999999.0,-999999999999.0,-999999999999.0,-999999999999.0,-999999999999.0,-999999999999.0,m,m,m/m,m/m,m^2,m^2,1,m^3/s,m^3/s,m^3/s,m^3/s,m^3/s,m^3/s
81320300021,2024-09-17T08:27:00Z,3.6105,422.598411,7.671751e-05,7.181738e-05,-999999999999.0,2355200.7,2,0,0.687784,-999999999999.0,-999999999999.0,-999999999999.0,-999999999999.0,-999999999999.0,-999999999999.0,m,m,m/m,m/m,m^2,m^2,1,m^3/s,m^3/s,m^3/s,m^3/s,m^3/s,m^3/s
81320300021,2024-09-18T08:27:41Z,5.6043,349.922821,4.130636e-05,-5.54648e-05,-999999999999.0,4028652.9,2,0,0.903835,-999999999999.0,-999999999999.0,-999999999999.0,-999999999999.0,-999999999999.0,-999999999999.0,m,m,m/m,m/m,m^2,m^2,1,m^3/s,m^3/s,m^3/s,m^3/s,m^3/s,m^3/s
81320300021,2024-09-22T23:44:35Z,2.4347,429.224555,7.31868e-05,6.97022e-05,-999999999999.0,4941651.8,2,0,0.02354,-999999999999.0,-999999999999.0,-999999999999.0,-999999999999.0,-999999999999.0,-999999999999.0,m,m,m/m,m/m,m^2,m^2,1,m^3/s,m^3/s,m^3/s,m^3/s,m^3/s,m^3/s
81320300021,2024-09-23T23:45:14Z,3.2944,430.519846,2.91674e-05,5.10786e-05,-999999999999.0,4956564.5,1,0,0.014285,93.97434292414847,-999999999999.0,123.22103863707143,64.72764721122552,-999999999999.0,158.50327567881718,m,m,m/m,m/m,m^2,m^2,1,m^3/s,m^3/s,m^3/s,m^3/s,m^3/s,m^3/s
81320300021,2024-09-28T06:49:59Z,3.1373,354.205873,-3.49692e-05,2.19639e-05,-999999999999.0,4077963.6,1,0,0.243741,-999999999999.0,-999999999999.0,-999999999999.0,-999999999999.0,-999999999999.0,138.57878703657772,m,m,m/m,m/m,m^2,m^2,1,m^3/s,m^3/s,m^3/s,m^3/s,m^3/s,m^3/s
81320300021,2024-09-29T06:50:40Z,3.4109,292.697419,8.72398e-05,-0.0006890063,-999999999999.0,346458.7,1,0,0.1601,-999999999999.0,-999999999999.0,-999999999999.0,-999999999999.0,-999999999999.0,-999999999999.0,m,m,m/m,m/m,m^2,m^2,1,m^3/s,m^3/s,m^3/s,m^3/s,m^3/s,m^3/s
81320300021,2024-10-03T22:07:25Z,118.7394,145.66736,0.0128825496,0.0255003359,-999999999999.0,584938.0,2,0,0.0,-999999999999.0,-999999999999.0,-999999999999.0,-999999999999.0,-999999999999.0,-999999999999.0,m,m,m/m,m/m,m^2,m^2,1,m^3/s,m^3/s,m^3/s,m^3/s,m^3/s,m^3/s
81320300021,2024-10-08T05:12:06Z,4.3245,413.467497,-1.7803e-05,-0.0002508266,-999999999999.0,2625843.4,2,0,0.862181,-999999999999.0,-999999999999.0,-999999999999.0,-999999999999.0,-999999999999.0,-999999999999.0,m,m,m/m,m/m,m^2,m^2,1,m^3/s,m^3/s,m^3/s,m^3/s,m^3/s,m^3/s
81320300021,2024-10-09T05:12:47Z,3.539,315.910389,0.000250265,0.0002535238,-999999999999.0,3637068.6,2,0,0.607435,-999999999999.0,-999999999999.0,-999999999999.0,-999999999999.0,-999999999999.0,136.35862267801554,m,m,m/m,m/m,m^2,m^2,1,m^3/s,m^3/s,m^3/s,m^3/s,m^3/s,m^3/s
81320300021,2024-10-13T20:29:40Z,2.6227,383.702363,4.00892e-05,5.88514e-05,-999999999999.0,4417555.9,1,1,0.214375,22.98480160543091,-999999999999.0,33.70948746907635,12.260115741785473,-999999999999.0,80.89255681631822,m,m,m/m,m/m,m^2,m^2,1,m^3/s,m^3/s,m^3/s,m^3/s,m^3/s,m^3/s
81320300021,2024-10-14T20:30:19Z,2.8354,411.345866,6.09755e-05,8.32049e-05,-999999999999.0,4735814.9,2,1,0.517002,28.690310379302307,-999999999999.0,-999999999999.0,28.690310379302307,-999999999999.0,87.60399535247606,m,m,m/m,m/m,m^2,m^2,1,m^3/s,m^3/s,m^3/s,m^3/s,m^3/s,m^3/s
81320300021,2024-10-19T03:35:03Z,3.3993,450.357689,6.65855e-05,6.37324e-05,-999999999999.0,5209485.1,1,1,0.0521632622,91.55113827065469,-999999999999.0,-999999999999.0,91.55113827065469,-999999999999.0,175.42187098458183,m,m,m/m,m/m,m^2,m^2,1,m^3/s,m^3/s,m^3/s,m^3/s,m^3/s,m^3/s
81320300021,2024-10-20T03:35:44Z,-999999999999.0,288.918645,-999999999999.0,-999999999999.0,-999999999999.0,288470.2,3,1,0.8796296035,-999999999999.0,-999999999999.0,-999999999999.0,-999999999999.0,-999999999999.0,-999999999999.0,m,m,m/m,m/m,m^2,m^2,1,m^3/s,m^3/s,m^3/s,m^3/s,m^3/s,m^3/s
81320300021,2024-10-24T18:52:29Z,5.4057,917.188854,-0.0001719546,-0.0005316489,-999999999999.0,6713241.6,2,1,0.7891753788,-999999999999.0,-999999999999.0,-999999999999.0,-999999999999.0,-999999999999.0,-999999999999.0,m,m,m/m,m/m,m^2,m^2,1,m^3/s,m^3/s,m^3/s,m^3/s,m^3/s,m^3/s
81320300021,2024-10-29T01:57:10Z,3.228,413.922965,0.0001091293,1.31628e-05,-999999999999.0,2628736.0,2,1,0.9911294959,-999999999999.0,-999999999999.0,-999999999999.0,-999999999999.0,-999999999999.0,-999999999999.0,m,m,m/m,m/m,m^2,m^2,1,m^3/s,m^3/s,m^3/s,m^3/s,m^3/s,m^3/s
81320300021,2024-10-30T01:57:51Z,3.3769,426.867203,7.79141e-05,7.55925e-05,-999999999999.0,4937324.8,1,1,0.1271933553,129.5315878280949,-999999999999.0,168.27133584911974,90.79183980707005,-999999999999.0,169.3599074274284,m,m,m/m,m/m,m^2,m^2,1,m^3/s,m^3/s,m^3/s,m^3/s,m^3/s,m^3/s
81320300021,2024-11-03T17:14:44Z,3.2953,358.000114,7.84546e-05,8.41841e-05,-999999999999.0,4121646.6,1,1,0.6544647883,-999999999999.0,-999999999999.0,-999999999999.0,-999999999999.0,-999999999999.0,147.262871035599,m,m,m/m,m/m,m^2,m^2,1,m^3/s,m^3/s,m^3/s,m^3/s,m^3/s,m^3/s
81320300021,2024-11-04T17:15:23Z,3.4002,427.840946,7.22638e-05,9.30901e-05,-999999999999.0,4925722.4,1,1,0.7336680429,-999999999999.0,-999999999999.0,-999999999999.0,-999999999999.0,-999999999999.0,165.1809376744404,m,m,m/m,m/m,m^2,m^2,1,m^3/s,m^3/s,m^3/s,m^3/s,m^3/s,m^3/s
81320300021,2024-11-09T00:20:07Z,3.281,445.594472,8.45998e-05,7.78843e-05,-999999999999.0,5130118.3,1,1,0.0652342285,80.63697092755181,-999999999999.0,-999999999999.0,80.63697092755181,-999999999999.0,151.57169518985472,m,m,m/m,m/m,m^2,m^2,1,m^3/s,m^3/s,m^3/s,m^3/s,m^3/s,m^3/s
81320300021,2024-11-14T15:37:32Z,5.7973,977.102625,2.3471e-05,-0.0001571505,-999999999999.0,7547468.6,2,2,0.7245077075,-999999999999.0,-999999999999.0,-999999999999.0,-999999999999.0,-999999999999.0,-999999999999.0,m,m,m/m,m/m,m^2,m^2,1,m^3/s,m^3/s,m^3/s,m^3/s,m^3/s,m^3/s
81320300021,2024-11-18T22:42:15Z,2.8921,433.200398,0.00011698034,0.00019682375,-999999999999.0,2493040.5,2,2,0.98319328423,-999999999999.0,-999999999999.0,-999999999999.0,-999999999999.0,-999999999999.0,-999999999999.0,m,m,m/m,m/m,m^2,m^2,1,m^3/s,m^3/s,m^3/s,m^3/s,m^3/s,m^3/s
81320300021,2024-11-19T22:42:56Z,2.9445,429.906502,6.045981e-05,6.673571e-05,-999999999999.0,4949503.1,1,2,0.02284796966,-999999999999.0,-999999999999.0,-999999999999.0,-999999999999.0,-999999999999.0,-999999999999.0,m,m,m/m,m/m,m^2,m^2,1,m^3/s,m^3/s,m^3/s,m^3/s,m^3/s,m^3/s
81320300021,2024-11-24T13:59:50Z,2.986,400.883336,1.677092e-05,3.194998e-05,-999999999999.0,4615360.1,1,2,0.20029301536,-999999999999.0,-999999999999.0,-999999999999.0,-999999999999.0,-999999999999.0,-999999999999.0,m,m,m/m,m/m,m^2,m^2,1,m^3/s,m^3/s,m^3/s,m^3/s,m^3/s,m^3/s
81320300021,2024-11-25T14:00:28Z,3.14,421.912441,4.524046e-05,5.775223e-05,-999999999999.0,4857467.6,1,2,0.43719830925,-999999999999.0,-999999999999.0,-999999999999.0,-999999999999.0,-999999999999.0,-999999999999.0,m,m,m/m,m/m,m^2,m^2,1,m^3/s,m^3/s,m^3/s,m^3/s,m^3/s,m^3/s
81320300021,2024-11-29T21:05:12Z,3.0207,437.505997,3.753955e-05,7.413534e-05,-999999999999.0,5036995.9,1,2,0.04169397485,-999999999999.0,-999999999999.0,-999999999999.0,-999999999999.0,-999999999999.0,-999999999999.0,m,m,m/m,m/m,m^2,m^2,1,m^3/s,m^3/s,m^3/s,m^3/s,m^3/s,m^3/s
81320300021,2024-11-30T21:05:53Z,12.4525,312.146248,0.00046806563,0.00272655901,-999999999999.0,428369.6,2,2,0.98757738131,-999999999999.0,-999999999999.0,-999999999999.0,-999999999999.0,-999999999999.0,-999999999999.0,m,m,m/m,m/m,m^2,m^2,1,m^3/s,m^3/s,m^3/s,m^3/s,m^3/s,m^3/s
81320300021,2024-12-05T12:22:37Z,3.9699,968.746032,2.88717e-06,-0.0002566766,-999999999999.0,6139763.3,1,2,0.82641905206,-999999999999.0,-999999999999.0,-999999999999.0,-999999999999.0,-999999999999.0,-999999999999.0,m,m,m/m,m/m,m^2,m^2,1,m^3/s,m^3/s,m^3/s,m^3/s,m^3/s,m^3/s
81320300021,2024-12-09T19:27:19Z,3.5321,425.115417,-4.02425e-05,0.00026407108,-999999999999.0,2446512.0,2,2,0.99183005639,-999999999999.0,-999999999999.0,-999999999999.0,-999999999999.0,-999999999999.0,-999999999999.0,m,m,m/m,m/m,m^2,m^2,1,m^3/s,m^3/s,m^3/s,m^3/s,m^3/s,m^3/s
81320300021,2024-12-10T19:28:00Z,3.4032,411.37388,7.112328e-05,6.604223e-05,-999999999999.0,4736137.4,1,2,0.1849458607,-999999999999.0,-999999999999.0,-999999999999.0,-999999999999.0,-999999999999.0,-999999999999.0,m,m,m/m,m/m,m^2,m^2,1,m^3/s,m^3/s,m^3/s,m^3/s,m^3/s,m^3/s
81320300021,2024-12-15T10:44:53Z,3.1435,380.890508,-6.06091e-05,4.39128e-06,-999999999999.0,4385183.1,1,2,0.43448408039,-999999999999.0,-999999999999.0,-999999999999.0,-999999999999.0,-999999999999.0,-999999999999.0,m,m,m/m,m/m,m^2,m^2,1,m^3/s,m^3/s,m^3/s,m^3/s,m^3/s,m^3/s
81320300021,2024-12-16T10:45:32Z,2.2314,426.58831,-0.0004100302,-0.0002656302,-999999999999.0,4911300.8,1,2,0.40845283659,-999999999999.0,-999999999999.0,-999999999999.0,-999999999999.0,-999999999999.0,-999999999999.0,m,m,m/m,m/m,m^2,m^2,1,m^3/s,m^3/s,m^3/s,m^3/s,m^3/s,m^3/s
81320300021,2024-12-20T17:50:16Z,2.9081,458.064753,7.180359e-05,6.804542e-05,-999999999999.0,5273688.3,1,2,0.04154243015,-999999999999.0,-999999999999.0,-999999999999.0,-999999999999.0,-999999999999.0,-999999999999.0,m,m,m/m,m/m,m^2,m^2,1,m^3/s,m^3/s,m^3/s,m^3/s,m^3/s,m^3/s
81320300021,no_data,-999999999999.0,296.406847,-999999999999.0,-999999999999.0,-999999999999.0,406769.8,3,2,1.0,-999999999999.0,-999999999999.0,-999999999999.0,-999999999999.0,-999999999999.0,-999999999999.0,m,m,m/m,m/m,m^2,m^2,1,m^3/s,m^3/s,m^3/s,m^3/s,m^3/s,m^3/s
81320300021,2024-12-26T09:07:42Z,-999999999999.0,1022.665484,-999999999999.0,-999999999999.0,-999999999999.0,6291170.9,3,2,0.99131971979,-999999999999.0,-999999999999.0,-999999999999.0,-999999999999.0,-999999999999.0,-999999999999.0,m,m,m/m,m/m,m^2,m^2,1,m^3/s,m^3/s,m^3/s,m^3/s,m^3/s,m^3/s
81320300021,2024-12-30T16:12:24Z,6.2218,432.914762,-0.0001764815,0.00046912167,-999999999999.0,2412695.1,2,2,0.98833053259,-999999999999.0,-999999999999.0,-999999999999.0,-999999999999.0,-999999999999.0,-999999999999.0,m,m,m/m,m/m,m^2,m^2,1,m^3/s,m^3/s,m^3/s,m^3/s,m^3/s,m^3/s
81320300021,2025-01-05T07:29:58Z,2.9467,352.931512,-5.78391e-05,2.703335e-05,-999999999999.0,4063291.9,2,2,0.68054010672,-999999999999.0,-999999999999.0,-999999999999.0,-999999999999.0,-999999999999.0,-999999999999.0,m,m,m/m,m/m,m^2,m^2,1,m^3/s,m^3/s,m^3/s,m^3/s,m^3/s,m^3/s
81320300021,2025-01-06T07:30:36Z,3.3273,428.662494,-0.0002859259,-2.03479e-05,-999999999999.0,4935180.8,1,2,0.83282113569,-999999999999.0,-999999999999.0,-999999999999.0,-999999999999.0,-999999999999.0,-999999999999.0,m,m,m/m,m/m,m^2,m^2,1,m^3/s,m^3/s,m^3/s,m^3/s,m^3/s,m^3/s
81320300021,2025-01-10T14:35:20Z,3.0047,450.241994,7.29192e-05,6.712637e-05,-999999999999.0,5183625.1,2,2,0.2375473109,-999999999999.0,-999999999999.0,-999999999999.0,-999999999999.0,-999999999999.0,-999999999999.0,m,m,m/m,m/m,m^2,m^2,1,m^3/s,m^3/s,m^3/s,m^3/s,m^3/s,m^3/s
81320300021,2025-01-16T05:52:46Z,64.6534,1328.258543,0.00751902131,0.01422199539,-999999999999.0,5519697.4,2,2,0.98382131995,-999999999999.0,-999999999999.0,-999999999999.0,-999999999999.0,-999999999999.0,-999999999999.0,m,m,m/m,m/m,m^2,m^2,1,m^3/s,m^3/s,m^3/s,m^3/s,m^3/s,m^3/s
81320300021,2025-01-20T12:57:29Z,5.5012,421.098651,-0.0001145143,-0.0004645907,-999999999999.0,2423395.8,2,2,0.93376752383,-999999999999.0,-999999999999.0,-999999999999.0,-999999999999.0,-999999999999.0,-999999999999.0,m,m,m/m,m/m,m^2,m^2,1,m^3/s,m^3/s,m^3/s,m^3/s,m^3/s,m^3/s
81320300021,2025-01-21T12:58:09Z,3.3045,451.321112,4.111622e-05,4.285695e-05,-999999999999.0,5196048.9,1,2,0.01364528012,-999999999999.0,-999999999999.0,-999999999999.0,-999999999999.0,-999999999999.0,-999999999999.0,m,m,m/m,m/m,m^2,m^2,1,m^3/s,m^3/s,m^3/s,m^3/s,m^3/s,m^3/s
81320300021,2025-01-26T04:15:03Z,3.7348,437.871852,-5.23952e-05,-3.7683e-05,-999999999999.0,5041207.9,1,2,0.01349896575,-999999999999.0,-999999999999.0,-999999999999.0,-999999999999.0,-999999999999.0,-999999999999.0,m,m,m/m,m/m,m^2,m^2,1,m^3/s,m^3/s,m^3/s,m^3/s,m^3/s,m^3/s
81320300021,2025-01-27T04:15:41Z,3.5834,449.134865,4.007898e-05,4.627479e-05,-999999999999.0,5170878.7,2,2,0.03015593525,-999999999999.0,-999999999999.0,-999999999999.0,-999999999999.0,-999999999999.0,-999999999999.0,m,m,m/m,m/m,m^2,m^2,1,m^3/s,m^3/s,m^3/s,m^3/s,m^3/s,m^3/s
81320300021,2025-02-01T11:21:06Z,9.6762,438.478359,0.0010500409,0.00026650267,-999999999999.0,770798.0,2,2,0.02922212628,-999999999999.0,-999999999999.0,-999999999999.0,-999999999999.0,-999999999999.0,-999999999999.0,m,m,m/m,m/m,m^2,m^2,1,m^3/s,m^3/s,m^3/s,m^3/s,m^3/s,m^3/s
81320300021,2025-02-06T02:37:49Z,-999999999999.0,805.569848,-999999999999.0,-999999999999.0,-999999999999.0,3175829.1,3,2,0.9013473302,-999999999999.0,-999999999999.0,-999999999999.0,-999999999999.0,-999999999999.0,-999999999999.0,m,m,m/m,m/m,m^2,m^2,1,m^3/s,m^3/s,m^3/s,m^3/s,m^3/s,m^3/s
81320300021,2025-02-10T09:42:31Z,4.1398,435.166899,3.291495e-05,5.904388e-05,-999999999999.0,2326429.2,2,2,0.70013567282,-999999999999.0,-999999999999.0,-999999999999.0,-999999999999.0,-999999999999.0,-999999999999.0,m,m,m/m,m/m,m^2,m^2,1,m^3/s,m^3/s,m^3/s,m^3/s,m^3/s,m^3/s
81320300021,2025-02-11T09:43:13Z,3.4338,487.093888,4.666575e-05,6.004411e-05,-999999999999.0,5607900.0,1,2,0.01246550211,-999999999999.0,-999999999999.0,-999999999999.0,-999999999999.0,-999999999999.0,-999999999999.0,m,m,m/m,m/m,m^2,m^2,1,m^3/s,m^3/s,m^3/s,m^3/s,m^3/s,m^3/s
81320300021,2025-02-16T01:00:07Z,3.6773,434.404895,-6.97215e-05,-7.71579e-05,-999999999999.0,5001293.0,2,2,0.14181378883,-999999999999.0,-999999999999.0,-999999999999.0,-999999999999.0,-999999999999.0,-999999999999.0,m,m,m/m,m/m,m^2,m^2,1,m^3/s,m^3/s,m^3/s,m^3/s,m^3/s,m^3/s
81320300021,2025-02-17T01:00:45Z,3.5863,440.30566,9.253264e-05,1.874448e-05,-999999999999.0,5069228.3,1,2,0.16668240389,-999999999999.0,-999999999999.0,-999999999999.0,-999999999999.0,-999999999999.0,-999999999999.0,m,m,m/m,m/m,m^2,m^2,1,m^3/s,m^3/s,m^3/s,m^3/s,m^3/s,m^3/s
81320300021,2025-02-21T08:05:30Z,3.511,536.119338,-6.1216e-06,6.954799e-05,-999999999999.0,6172328.9,2,2,0.05584061115,-999999999999.0,-999999999999.0,-999999999999.0,-999999999999.0,-999999999999.0,-999999999999.0,m,m,m/m,m/m,m^2,m^2,1,m^3/s,m^3/s,m^3/s,m^3/s,m^3/s,m^3/s
81320300021,2025-02-26T23:22:55Z,35.8702,948.163645,0.00227674822,0.00350743059,-999999999999.0,4711077.5,2,2,0.75011269875,-999999999999.0,-999999999999.0,-999999999999.0,-999999999999.0,-999999999999.0,-999999999999.0,m,m,m/m,m/m,m^2,m^2,1,m^3/s,m^3/s,m^3/s,m^3/s,m^3/s,m^3/s
81320300021,2025-03-03T06:27:37Z,4.3179,447.424274,0.00010061847,-5.76403e-05,-999999999999.0,2391957.9,2,2,0.78977112598,-999999999999.0,-999999999999.0,-999999999999.0,-999999999999.0,-999999999999.0,-999999999999.0,m,m,m/m,m/m,m^2,m^2,1,m^3/s,m^3/s,m^3/s,m^3/s,m^3/s,m^3/s
81320300021,2025-03-04T06:28:17Z,3.4507,465.924671,5.018898e-05,4.754181e-05,-999999999999.0,5364179.4,2,2,0.01471732942,-999999999999.0,-999999999999.0,-999999999999.0,-999999999999.0,-999999999999.0,-999999999999.0,m,m,m/m,m/m,m^2,m^2,1,m^3/s,m^3/s,m^3/s,m^3/s,m^3/s,m^3/s
81320300021,2025-03-08T21:45:10Z,3.9616,426.556771,-0.0003517295,4.215641e-05,-999999999999.0,4910937.7,1,2,0.16237538228,-999999999999.0,-999999999999.0,-999999999999.0,-999999999999.0,-999999999999.0,-999999999999.0,m,m,m/m,m/m,m^2,m^2,1,m^3/s,m^3/s,m^3/s,m^3/s,m^3/s,m^3/s
81320300021,2025-03-09T21:45:49Z,3.7279,239.144056,9.156413e-05,-8.13307e-05,-999999999999.0,2370017.6,1,2,0.15774424458,-999999999999.0,-999999999999.0,-999999999999.0,-999999999999.0,-999999999999.0,-999999999999.0,m,m,m/m,m/m,m^2,m^2,1,m^3/s,m^3/s,m^3/s,m^3/s,m^3/s,m^3/s
81320300021,2025-03-14T04:50:34Z,18.7606,358.343794,0.00105835874,-0.0002930913,-999999999999.0,4125603.4,2,2,0.09176613832,-999999999999.0,-999999999999.0,-999999999999.0,-999999999999.0,-999999999999.0,-999999999999.0,m,m,m/m,m/m,m^2,m^2,1,m^3/s,m^3/s,m^3/s,m^3/s,m^3/s,m^3/s
81320300021,2025-03-15T04:51:15Z,-999999999999.0,327.444469,-999999999999.0,-999999999999.0,-999999999999.0,387588.0,3,2,0.99910747054,-999999999999.0,-999999999999.0,-999999999999.0,-999999999999.0,-999999999999.0,-999999999999.0,m,m,m/m,m/m,m^2,m^2,1,m^3/s,m^3/s,m^3/s,m^3/s,m^3/s,m^3/s
81320300021,2025-03-19T20:08:00Z,9.9357,1372.057745,-0.0010372593,0.00911305467,-999999999999.0,8684053.9,2,2,0.47840851506,-999999999999.0,-999999999999.0,-999999999999.0,-999999999999.0,-999999999999.0,-999999999999.0,m,m,m/m,m/m,m^2,m^2,1,m^3/s,m^3/s,m^3/s,m^3/s,m^3/s,m^3/s
81320300021,2025-03-24T03:12:42Z,3.8745,421.117733,0.00023863994,0.00043878522,-999999999999.0,2507775.1,2,2,0.89492099891,-999999999999.0,-999999999999.0,-999999999999.0,-999999999999.0,-999999999999.0,-999999999999.0,m,m,m/m,m/m,m^2,m^2,1,m^3/s,m^3/s,m^3/s,m^3/s,m^3/s,m^3/s
81320300021,2025-03-25T03:13:23Z,3.5655,466.77927,5.109313e-05,6.679728e-05,-999999999999.0,5374018.3,1,2,0.01351577186,-999999999999.0,-999999999999.0,-999999999999.0,-999999999999.0,-999999999999.0,-999999999999.0,m,m,m/m,m/m,m^2,m^2,1,m^3/s,m^3/s,m^3/s,m^3/s,m^3/s,m^3/s
81320300021,2025-03-29T18:30:15Z,3.5309,434.56746,-0.0002576545,-0.0002337976,-999999999999.0,5003164.6,1,2,0.21621607335,-999999999999.0,-999999999999.0,-999999999999.0,-999999999999.0,-999999999999.0,-999999999999.0,m,m,m/m,m/m,m^2,m^2,1,m^3/s,m^3/s,m^3/s,m^3/s,m^3/s,m^3/s
81320300021,2025-03-30T18:30:54Z,3.6827,425.352908,1.178902e-05,1.532262e-05,-999999999999.0,4897077.7,2,2,0.33706059198,-999999999999.0,-999999999999.0,-999999999999.0,-999999999999.0,-999999999999.0,-999999999999.0,m,m,m/m,m/m,m^2,m^2,1,m^3/s,m^3/s,m^3/s,m^3/s,m^3/s,m^3/s
81320300021,2025-04-04T01:35:37Z,3.6256,504.463687,2.9081e-07,5.276953e-05,-999999999999.0,5807878.1,2,2,0.17531198681,-999999999999.0,-999999999999.0,-999999999999.0,-999999999999.0,-999999999999.0,-999999999999.0,m,m,m/m,m/m,m^2,m^2,1,m^3/s,m^3/s,m^3/s,m^3/s,m^3/s,m^3/s
81320300021,2025-04-05T01:36:18Z,-999999999999.0,358.646842,-999999999999.0,-999999999999.0,-999999999999.0,424521.4,3,2,0.99646628865,-999999999999.0,-999999999999.0,-999999999999.0,-999999999999.0,-999999999999.0,-999999999999.0,m,m,m/m,m/m,m^2,m^2,1,m^3/s,m^3/s,m^3/s,m^3/s,m^3/s,m^3/s
81320300021,2025-04-09T16:53:04Z,26.9731,871.985606,0.00164681335,0.01103670207,-999999999999.0,6088117.7,2,2,0.81772114279,-999999999999.0,-999999999999.0,-999999999999.0,-999999999999.0,-999999999999.0,-999999999999.0,m,m,m/m,m/m,m^2,m^2,1,m^3/s,m^3/s,m^3/s,m^3/s,m^3/s,m^3/s
81320300021,2025-04-13T23:57:46Z,3.9595,426.899132,0.0001757138,7.273111e-05,-999999999999.0,2629340.8,2,2,0.87573350431,-999999999999.0,-999999999999.0,-999999999999.0,-999999999999.0,-999999999999.0,-999999999999.0,m,m,m/m,m/m,m^2,m^2,1,m^3/s,m^3/s,m^3/s,m^3/s,m^3/s,m^3/s
81320300021,2025-04-14T23:58:27Z,3.5568,452.684563,4.774894e-05,6.079964e-05,-999999999999.0,5211746.3,1,2,0.03444914524,-999999999999.0,-999999999999.0,-999999999999.0,-999999999999.0,-999999999999.0,-999999999999.0,m,m,m/m,m/m,m^2,m^2,1,m^3/s,m^3/s,m^3/s,m^3/s,m^3/s,m^3/s
81320300021,2025-04-19T15:15:21Z,3.5321,414.507809,4.571587e-05,6.19157e-05,-999999999999.0,4772218.3,2,2,0.14563987953,-999999999999.0,-999999999999.0,-999999999999.0,-999999999999.0,-999999999999.0,-999999999999.0,m,m,m/m,m/m,m^2,m^2,1,m^3/s,m^3/s,m^3/s,m^3/s,m^3/s,m^3/s
81320300021,2025-04-20T15:16:00Z,3.8517,434.867152,-9.35677e-05,3.862678e-05,-999999999999.0,3961353.5,1,2,0.04355121274,-999999999999.0,-999999999999.0,-999999999999.0,-999999999999.0,-999999999999.0,-999999999999.0,m,m,m/m,m/m,m^2,m^2,1,m^3/s,m^3/s,m^3/s,m^3/s,m^3/s,m^3/s
81320300021,2025-04-24T22:20:44Z,3.5212,509.923025,1.530285e-05,0.00012105097,-999999999999.0,5870731.3,2,2,0.2272934487,-999999999999.0,-999999999999.0,-999999999999.0,-999999999999.0,-999999999999.0,-999999999999.0,m,m,m/m,m/m,m^2,m^2,1,m^3/s,m^3/s,m^3/s,m^3/s,m^3/s,m^3/s
81320300021,no_data,-999999999999.0,265.719681,-999999999999.0,-999999999999.0,-999999999999.0,265307.2,3,2,0.99999650462,-999999999999.0,-999999999999.0,-999999999999.0,-999999999999.0,-999999999999.0,-999999999999.0,m,m,m/m,m/m,m^2,m^2,1,m^3/s,m^3/s,m^3/s,m^3/s,m^3/s,m^3/s
81320300021,2025-04-30T13:38:09Z,-999999999999.0,721.083803,-999999999999.0,-999999999999.0,-999999999999.0,4603432.5,3,1,0.90744418217,-999999999999.0,-999999999999.0,-999999999999.0,-999999999999.0,-999999999999.0,-999999999999.0,m,m,m/m,m/m,m^2,m^2,1,m^3/s,m^3/s,m^3/s,m^3/s,m^3/s,m^3/s
