river,shift_km,dt_hr,celerity_ms,corr,n_common,time
Kobuk,40.0,23.843888888888888,0.46599408187516017,0.9538889854152738,462,2023-05-23 03:49:49+00:00
Kobuk,40.5,23.843611111111112,0.47182450458427017,0.9814977061593073,470,2023-05-24 03:40:27+00:00
Kobuk,-49.0,23.843888888888888,0.5708427502970712,0.9897326092379048,470,2023-05-25 03:31:04+00:00
Kobuk,-25.0,23.843888888888888,0.29124630117197514,0.9660122922611958,469,2023-05-26 03:21:42+00:00
Kobuk,2.0,23.843888888888888,0.02329970409375801,0.9652580392697925,469,2023-05-27 03:12:20+00:00
Kobuk,3.0,23.843888888888888,0.034949556140637016,0.8060770423328866,469,2023-06-03 02:06:44+00:00
Kobuk,32.0,23.843888888888888,0.37279526550012815,0.8140662473392826,456,2023-06-11 00:51:47+00:00
Kobuk,-1.5,23.843888888888888,0.017474778070318508,0.9740938756244779,469,2023-06-15 00:14:18+00:00
Kobuk,1.5,47.6875,0.00873743993010048,0.9738012993683881,469,2023-06-16 00:04:56+00:00
Kobuk,-1.0,23.844166666666666,0.011649716329407379,0.8163599948590065,467,2023-06-18 23:36:49+00:00
Kobuk,11.5,23.843611111111112,0.13397485932639772,0.8014694506561365,467,2023-06-19 23:27:28+00:00
Kobuk,-2.0,23.843888888888888,0.02329970409375801,0.8673104683189754,462,2023-06-21 23:08:44+00:00
Kobuk,-5.0,23.843888888888888,0.05824926023439502,0.6888503257097951,465,2023-06-26 22:21:54+00:00
Kobuk,2.5,23.843611111111112,0.02912496941878211,0.6606345292933067,465,2023-06-27 22:12:32+00:00
Kobuk,1.0,23.843888888888888,0.011649852046879005,0.6214660465983476,468,2023-06-28 22:03:09+00:00
Kobuk,-29.5,23.844166666666666,0.34366663171751766,0.7542843414232308,452,2023-06-30 21:44:24+00:00
Kobuk,40.5,23.843888888888888,0.4718190078985997,0.6460730008456924,452,2023-07-01 21:35:03+00:00
Kobuk,14.0,23.843888888888888,0.16309792865630607,0.8003252594138612,468,2023-07-02 21:25:41+00:00
Kobuk,-1.5,23.843611111111112,0.017474981651269265,0.8823742231817288,469,2023-07-04 21:06:57+00:00
Kobuk,-1.0,23.843611111111112,0.011649987767512844,0.8402381104800954,458,2023-07-07 20:38:51+00:00
Kobuk,2.0,23.843888888888888,0.02329970409375801,0.7840440328753624,470,2023-07-08 20:29:28+00:00
Kobuk,3.5,24.00861111111111,0.040494729900151565,0.7132214310850176,188,2023-07-27 01:25:18+00:00
Kobuk,18.0,24.009444444444444,0.20825138255778977,0.8188232426702128,175,2023-08-01 16:42:39+00:00
Kobuk,-1.0,24.009166666666665,0.011569655108581213,0.6707180562412772,171,2023-08-23 13:28:17+00:00
Kobuk,1.0,24.01,0.01156925355176084,0.7701520233458271,123,2023-09-01 11:49:58+00:00
Kobuk,10.5,24.00888888888889,0.12148278415401703,0.7780825550146372,190,2023-09-27 15:40:33+00:00
Kobuk,7.5,24.009722222222223,0.0867704055070284,0.7198577861245313,175,2023-10-03 06:57:51+00:00
Kobuk,19.5,24.009027777777778,0.225609579729847,0.6283952635989384,171,2023-10-04 06:58:26+00:00
Kobuk,-1.0,24.00861111111111,0.011569922828614734,0.6596252989865329,174,2023-10-08 14:03:16+00:00
Kobuk,18.5,24.010555555555555,0.2140262384599366,0.6563741027276077,126,2024-05-29 17:35:59+00:00
Kobuk,-4.0,24.00888888888889,0.04627915586819696,0.8120378215994768,125,2024-05-30 17:36:37+00:00
Kobuk,1.0,24.010555555555555,0.011568985862699275,0.8588372422980213,174,2024-06-09 15:58:49+00:00
Kobuk,2.5,24.009166666666665,0.028924137771453032,0.8396199308416677,130,2024-06-20 14:21:41+00:00
Kobuk,-10.0,24.008333333333333,0.11570056693277797,0.7766984678273624,101,2024-07-11 11:06:44+00:00
Kobuk,8.0,24.00986111111111,0.09255456380769475,0.7932875042139738,176,2024-07-21 09:28:58.500000+00:00
Kobuk,19.0,24.01,0.21981581748345597,0.7521757346791708,126,2024-07-31 07:51:12+00:00
Kobuk,2.5,24.009444444444444,0.028923803133026355,0.7383713556371251,174,2024-08-11 06:14:03+00:00
Kobuk,28.5,24.009166666666665,0.3297351705945646,0.9687726687873528,189,2024-08-26 11:41:48+00:00
Kobuk,1.5,24.01,0.01735388032764126,0.9234463785111645,178,2024-09-01 02:59:07+00:00
Kobuk,3.5,24.008055555555554,0.040495666963634894,0.7166833401992007,172,2024-09-06 10:04:36+00:00
Kobuk,-2.0,24.00861111111111,0.023139845657229468,0.6592696854622608,108,2024-09-17 08:27:25+00:00
Kobuk,-25.0,24.009722222222223,0.28923468502342803,0.766496198897489,178,2024-09-21 23:44:15+00:00
Kobuk,19.5,24.010277777777777,0.2255978342607911,0.8609411410525394,126,2024-10-01 22:06:30+00:00
Kobuk,18.0,24.00861111111111,0.2082586109150652,0.8752229994596485,108,2025-05-25 17:28:22+00:00
Kobuk,-5.5,24.010277777777777,0.06363015838124877,0.6435405722624232,177,2025-05-30 08:45:09+00:00
Kobuk,-16.5,24.009166666666665,0.19089930929159002,0.6218361647753835,168,2025-05-31 08:45:46+00:00
Kobuk,1.0,24.00888888888889,0.01156978896704924,0.8657667916940402,127,2025-06-10 07:08:02+00:00
Kobuk,29.0,24.01,0.33550835300106435,0.7066768990357457,176,2025-06-20 05:30:13+00:00
Kobuk,-2.0,24.00861111111111,0.023139845657229468,0.8498386025325613,173,2025-07-16 09:20:47+00:00
Kobuk,3.0,24.01,0.03470776065528252,0.8220787100280998,125,2025-07-21 00:37:36+00:00
Kobuk,-2.5,24.00861111111111,0.028924807071536832,0.7927376827579758,190,2025-07-26 07:43:06+00:00
Kobuk,9.5,24.00861111111111,0.10991426687183996,0.642789901455351,109,2025-07-27 07:43:37+00:00
Kobuk,6.5,24.009722222222223,0.07520101810609128,0.7942124382963746,178,2025-07-31 23:00:26+00:00
Kobuk,-3.5,24.008333333333333,0.04049519842647229,0.7137352831771664,166,2025-08-27 02:50:57+00:00
Kobuk,-25.0,24.010277777777777,0.28922799264203986,0.6116800988251606,178,2025-10-02 13:15:37+00:00
Kobuk,-1.0,24.00861111111111,0.011569922828614734,0.7967182119739025,168,2026-05-25 08:36:57+00:00
Kobuk,-1.0,24.009166666666665,0.011569655108581213,0.8952476578492512,170,2026-06-10 22:17:10+00:00
Kobuk,9.5,24.010277777777777,0.10990663720397514,0.7094439064805682,126,2026-06-19 20:38:49+00:00
Kobuk,-1.0,24.01,0.01156925355176084,0.8716831214638092,176,2026-06-30 19:01:40+00:00
Kobuk,1.5,24.009166666666665,0.01735448266287182,0.8636007281328747,176,2026-07-21 15:46:44+00:00
Kobuk,-2.0,24.009444444444444,0.023139042506421084,0.7420371359320239,169,2026-07-22 15:47:17+00:00
Kobuk,12.5,24.009166666666665,0.14462068885726517,0.6338524004895214,168,2026-08-11 12:31:50+00:00
Kobuk,-1.5,24.008055555555554,0.01735528584155781,0.8684821444412577,130,2026-09-12 07:39:45+00:00
Noatak,-5.0,23.843888888888888,0.05824926023439502,0.6381228759721433,301,2023-06-05 01:48:15+00:00
Noatak,-1.0,23.844166666666666,0.011649716329407379,0.7455597191889294,332,2023-06-06 01:38:53+00:00
Noatak,-48.5,23.843611111111112,0.5650244067243729,0.6907796956267211,365,2023-06-14 00:23:56+00:00
Noatak,5.0,23.843888888888888,0.05824926023439502,0.8823076259414003,366,2023-06-18 23:37:05+00:00
Noatak,-1.0,23.843888888888888,0.011649852046879005,0.608819027889061,366,2023-06-22 22:59:37+00:00
Noatak,54.5,23.843888888888888,0.6349169365549058,0.7625034601393024,366,2023-06-29 21:54:02+00:00
Noatak,3.0,23.843888888888888,0.034949556140637016,0.9108833387289761,366,2023-06-30 21:44:40+00:00
Noatak,1.0,23.843888888888888,0.011649852046879005,0.9765431132881491,366,2023-07-01 21:35:18+00:00
Noatak,-6.5,23.843888888888888,0.07572403830471353,0.7201703243409318,366,2023-07-02 21:25:56+00:00
Noatak,8.0,23.843888888888888,0.09319881637503204,0.6729161992713433,366,2023-07-03 21:16:34+00:00
Noatak,-11.0,23.843888888888888,0.12814837251566905,0.6440346925026299,366,2023-07-04 21:07:12+00:00
Noatak,50.5,23.843888888888888,0.5883175283673897,0.7270682309060615,366,2023-07-07 20:39:06+00:00
Noatak,1.0,24.00861111111111,0.011569922828614734,0.6628086215218639,228,2023-07-27 01:24:55+00:00
Noatak,1.0,24.01,0.01156925355176084,0.9441041649567614,139,2023-07-28 01:25:26+00:00
Noatak,-87.0,24.008333333333333,1.0065949323151684,0.7042934966949495,641,2023-08-03 16:44:05+00:00
Noatak,-1.0,24.00777777777778,0.01157032443189707,0.6258228675789984,185,2023-09-03 11:51:26+00:00
Noatak,-2.0,24.009722222222223,0.02313877480187424,0.6208464180993761,221,2023-09-13 10:13:41+00:00
Noatak,2.0,24.009444444444444,0.023139042506421084,0.6778651800651202,220,2023-09-16 17:17:23+00:00
Noatak,-94.5,24.008055555555554,1.0933830080181421,0.7322212233136405,641,2024-06-11 16:00:17+00:00
Noatak,1.0,24.010555555555555,0.011568985862699275,0.7008904127916434,142,2024-06-30 12:44:08+00:00
Noatak,-91.5,24.0075,1.0586969349855948,0.6519129305158419,641,2024-07-02 12:45:19+00:00
Noatak,11.5,24.010277777777777,0.13304487661533834,0.717421894557237,142,2024-07-21 09:29:14+00:00
Noatak,1.0,24.009722222222223,0.01156938740093712,0.6302961892257208,214,2024-07-25 16:33:32+00:00
Noatak,1.0,24.010277777777777,0.011569119705681594,0.8980822969232829,127,2024-07-27 16:34:35+00:00
Noatak,13.0,24.009444444444444,0.15040377629173704,0.9090643007844024,326,2024-08-03 07:53:07+00:00
Noatak,2.5,24.011111111111113,0.02892179546506247,0.9439319207360334,203,2024-08-07 14:57:28+00:00
Noatak,2.5,24.010555555555555,0.02892246465674819,0.7511285829836132,142,2024-08-11 06:14:18+00:00
Noatak,-1.0,24.00777777777778,0.01157032443189707,0.8361927659517867,126,2024-09-27 06:49:23+00:00
Noatak,2.5,24.01,0.0289231338794021,0.9627480530706074,152,2025-06-10 07:08:17+00:00
Noatak,-1.0,24.009722222222223,0.01156938740093712,0.868469877686015,326,2025-06-12 07:09:19+00:00
Noatak,-97.0,24.008333333333333,1.1222954992479464,0.8931884497904711,642,2025-06-22 05:31:42+00:00
Noatak,1.0,24.01,0.01156925355176084,0.9339700896546042,149,2025-07-06 10:58:10+00:00
Noatak,1.5,24.0075,0.01735568745878024,0.7122346744669591,182,2025-07-23 00:39:04+00:00
Noatak,1.0,24.01,0.01156925355176084,0.9274007199718591,150,2025-07-27 07:43:15+00:00
Noatak,26.0,24.00777777777778,0.30082843522932384,0.7910673609170956,166,2025-08-12 21:24:07+00:00
Noatak,-106.0,24.00861111111111,1.2264118198331617,0.7567079782495877,642,2025-08-23 19:46:57+00:00
Noatak,33.5,24.009166666666665,0.38758344613747064,0.7962369672825764,215,2025-08-26 02:50:04+00:00
Noatak,1.0,24.00888888888889,0.01156978896704924,0.7714157926359129,229,2026-06-04 06:58:51+00:00
Noatak,-92.0,24.00777777777778,1.0644698477345305,0.6112582501809174,640,2026-06-11 22:18:02+00:00
Noatak,1.0,24.009444444444444,0.011569521253210542,0.7897996115509724,220,2026-07-05 02:06:14+00:00
Noatak,2.0,24.00888888888889,0.02313957793409848,0.8166078020656278,229,2026-07-15 00:28:31+00:00
Noatak,2.5,24.009444444444444,0.028923803133026355,0.8064682724216423,222,2026-07-22 15:47:36+00:00
Noatak,-36.5,24.00861111111111,0.42230218324443775,0.7691489841745952,229,2026-08-04 21:13:36+00:00
Noatak,-37.5,24.00861111111111,0.4338721060730525,0.8917481995672208,229,2026-08-05 21:14:07+00:00
Noatak,-1.0,24.009444444444444,0.011569521253210542,0.9366195858610823,221,2026-08-15 19:36:23+00:00
Noatak,12.0,24.009722222222223,0.13883264881124543,0.7001330392743061,130,2026-08-17 19:37:28+00:00
Noatak,-49.5,24.009444444444444,0.5726913020339218,0.8564792767450454,325,2026-08-24 10:55:58+00:00
Noatak,1.0,24.01152777777778,0.011568517436647906,0.7749768487287805,295,2026-08-28 18:00:19+00:00
Noatak,-1.0,24.009444444444444,0.011569521253210542,0.8053421509780304,220,2026-09-05 16:21:28+00:00
Selawik,9.5,23.843888888888888,0.11067359444535055,0.9545544906264647,256,2023-05-18 04:36:25+00:00
Selawik,3.5,23.843888888888888,0.04077448216407652,0.9805276123951162,270,2023-05-23 03:49:35+00:00
Selawik,1.0,23.843888888888888,0.011649852046879005,0.9890546424678951,271,2023-05-30 02:44:00+00:00
Selawik,1.0,23.843888888888888,0.011649852046879005,0.9882581704081339,271,2023-05-31 02:34:38+00:00
Selawik,2.0,23.843611111111112,0.023299975535025687,0.9807285374907091,271,2023-06-01 02:25:16+00:00
Selawik,3.0,23.843888888888888,0.034949556140637016,0.9679826304570146,272,2023-06-02 02:15:53+00:00
Selawik,2.0,23.843888888888888,0.02329970409375801,0.9686700349903548,271,2023-06-03 02:06:31+00:00
Selawik,2.0,23.843888888888888,0.02329970409375801,0.9613122419263606,265,2023-06-04 01:57:09+00:00
Selawik,-1.5,23.843888888888888,0.017474778070318508,0.9350733450421846,265,2023-06-05 01:47:47+00:00
Selawik,3.0,23.843888888888888,0.034949556140637016,0.8052026748125123,273,2023-06-07 01:29:03+00:00
Selawik,4.0,23.843888888888888,0.04659940818751602,0.796929278399187,273,2023-06-08 01:19:41+00:00
Selawik,1.0,23.843611111111112,0.011649987767512844,0.9740082687997289,272,2023-06-09 01:10:19+00:00
Selawik,1.0,23.843611111111112,0.011649987767512844,0.9875045347398834,272,2023-06-12 00:42:12+00:00
Selawik,1.5,23.843888888888888,0.017474778070318508,0.9678256172831935,272,2023-06-13 00:32:49+00:00
Selawik,41.0,23.843888888888888,0.4776439339220392,0.9713499707587523,272,2023-06-14 00:23:27+00:00
Selawik,2.5,23.844166666666666,0.02912429082351845,0.9202050223896375,271,2023-06-18 23:36:36+00:00
Selawik,-2.0,23.843888888888888,0.02329970409375801,0.9381671878362796,272,2023-06-19 23:27:15+00:00
Selawik,-1.0,23.843611111111112,0.011649987767512844,0.9957595687312404,271,2023-06-25 22:31:03+00:00
Selawik,2.0,23.843888888888888,0.02329970409375801,0.9682627166215174,269,2023-06-26 22:21:40+00:00
Selawik,-1.5,23.843888888888888,0.017474778070318508,0.84469318860327,269,2023-06-27 22:12:18+00:00
Selawik,14.0,23.843888888888888,0.16309792865630607,0.9376135807395118,268,2023-06-30 21:44:12+00:00
Selawik,-18.0,23.843888888888888,0.20969733684382208,0.753396660594476,267,2023-07-01 21:34:50+00:00
Selawik,-39.0,23.843888888888888,0.45434422982828115,0.6970804973936616,271,2023-07-02 21:25:28+00:00
Selawik,-2.0,24.011111111111113,0.02313743637204998,0.9420516712053093,241,2023-07-28 01:25:50+00:00
Selawik,12.5,24.011111111111113,0.14460897732531236,0.9102528629691508,244,2023-09-28 15:41:05+00:00
Selawik,31.0,24.011388888888888,0.35862611492231694,0.6626094126254849,210,2023-10-14 05:20:29+00:00
Selawik,-1.0,24.011111111111113,0.01156871818602499,0.9672304138685135,243,2024-06-25 21:27:07+00:00
Selawik,-12.0,24.011111111111113,0.13882461823229986,0.6296116930832012,245,2024-07-16 18:12:11+00:00
Selawik,-1.0,24.011111111111113,0.01156871818602499,0.9879044295658617,212,2024-08-01 07:51:36+00:00
Selawik,-2.0,24.01097222222222,0.0231375702080646,0.9674305256875211,212,2024-10-02 22:06:55+00:00
Selawik,13.5,24.011111111111113,0.15617769551133734,0.698633967743569,211,2025-06-10 07:07:48+00:00
Selawik,1.5,24.011111111111113,0.017353077279037482,0.9594807108375786,212,2025-07-01 03:52:54+00:00
Selawik,-10.5,24.011111111111113,0.12147154095326237,0.9552161264250091,241,2025-07-06 10:58:34+00:00
Selawik,1.0,24.011111111111113,0.01156871818602499,0.9903969226565533,212,2025-07-22 00:38:00+00:00
Selawik,1.0,24.011388888888888,0.011568584352332805,0.9941051399653821,211,2025-09-01 18:08:08+00:00
Selawik,22.0,24.01125,0.2545103279134202,0.8384345122501657,203,2025-09-22 14:53:10.500000+00:00
Selawik,-2.0,24.011111111111113,0.02313743637204998,0.8495597654781476,211,2025-10-13 11:38:16+00:00
Selawik,2.0,24.011111111111113,0.02313743637204998,0.987218453755132,212,2026-06-20 20:39:14+00:00
Selawik,-12.0,24.011111111111113,0.13882461823229986,0.7461760100396504,242,2026-08-06 21:15:02+00:00
Selawik,9.5,24.011388888888888,0.10990155134716165,0.8529588939666131,240,2026-08-27 18:00:06+00:00
Selawik,24.0,24.011111111111113,0.2776492364645997,0.7591552670383,203,2026-09-12 07:39:32+00:00
